{
  "units": {
    "distance": "angstrom",
    "energy": "eV"
  },
  "n_atoms": 420,
  "n_pu": 140,
  "n_o": 280,
  "initial_energy_eV": -6530.1918336942,
  "final_energy_eV": -6611.047666051075,
  "initial_energy_per_atom_eV": -15.54807579451,
  "final_energy_per_atom_eV": -15.740589681073988,
  "n_formula_units": 140,
  "original_energy_per_puo2_eV": -46.64422738353,
  "initial_energy_per_puo2_eV": -46.64422738353,
  "after_repair_energy_per_puo2_eV": -46.49942485272052,
  "final_energy_per_puo2_eV": -47.22176904322196,
  "delta_repair_energy_per_puo2_eV": 0.14480253080947866,
  "delta_kmc_energy_per_puo2_eV": -0.7223441905014429,
  "delta_total_energy_per_puo2_eV": -0.5775416596919642,
  "delta_energy_per_puo2_eV": -0.5775416596919642,
  "relative_energy_decrease": 0.01238184641677425,
  "initial_structure": {
    "mean_pu_o_coordination": 5.764285714285714,
    "mean_o_pu_coordination": 2.882142857142857,
    "fraction_pu_with_8_o": 0.04285714285714286,
    "fraction_o_with_4_pu": 0.21071428571428572,
    "fraction_pu_with_7_to_9_o": 0.2714285714285714,
    "fraction_o_with_3_to_5_pu": 0.65,
    "fraction_pu_with_7_to_9_o_neighbors": 0.2714285714285714,
    "fraction_o_with_3_to_5_pu_neighbors": 0.65,
    "mean_abs_pu_o_coordination_error": 2.2928571428571427,
    "mean_abs_o_pu_coordination_error": 1.1535714285714285,
    "fluorite_order_score": 0.5238095238095238,
    "bulk_fluorite_order_score": 0.6426426426426426,
    "soft_coordination_order_score": 0.712202380952381,
    "mean_abs_coordination_error": 1.5333333333333334,
    "bulk_coordination_defects": 269,
    "surface_coordination_defects": 86,
    "bulk_atom_fraction": 0.7928571428571428,
    "rdf_pu_o_peak_sharpness": 2.722570106180234,
    "rdf_pu_pu_peak_sharpness": 3.1123287671232873,
    "rdf_o_o_peak_sharpness": 2.5052192066805845
  },
  "after_repair_structure": {
    "mean_pu_o_coordination": 5.728571428571429,
    "mean_o_pu_coordination": 2.8642857142857143,
    "fraction_pu_with_8_o": 0.02857142857142857,
    "fraction_o_with_4_pu": 0.21071428571428572,
    "fraction_pu_with_7_to_9_o": 0.2785714285714286,
    "fraction_o_with_3_to_5_pu": 0.6321428571428571,
    "fraction_pu_with_7_to_9_o_neighbors": 0.2785714285714286,
    "fraction_o_with_3_to_5_pu_neighbors": 0.6321428571428571,
    "mean_abs_pu_o_coordination_error": 2.3285714285714287,
    "mean_abs_o_pu_coordination_error": 1.1714285714285715,
    "fluorite_order_score": 0.5142857142857142,
    "bulk_fluorite_order_score": 0.6295180722891566,
    "soft_coordination_order_score": 0.7077380952380953,
    "mean_abs_coordination_error": 1.5571428571428572,
    "bulk_coordination_defects": 271,
    "surface_coordination_defects": 86,
    "bulk_atom_fraction": 0.7904761904761904,
    "rdf_pu_o_peak_sharpness": 2.8579190437381143,
    "rdf_pu_pu_peak_sharpness": 3.282275711159737,
    "rdf_o_o_peak_sharpness": 2.497571805189399
  },
  "final_structure": {
    "mean_pu_o_coordination": 6.25,
    "mean_o_pu_coordination": 3.125,
    "fraction_pu_with_8_o": 0.1,
    "fraction_o_with_4_pu": 0.29285714285714287,
    "fraction_pu_with_7_to_9_o": 0.36428571428571427,
    "fraction_o_with_3_to_5_pu": 0.7392857142857143,
    "fraction_pu_with_7_to_9_o_neighbors": 0.36428571428571427,
    "fraction_o_with_3_to_5_pu_neighbors": 0.7392857142857143,
    "mean_abs_pu_o_coordination_error": 1.8642857142857143,
    "mean_abs_o_pu_coordination_error": 0.975,
    "fluorite_order_score": 0.6142857142857143,
    "bulk_fluorite_order_score": 0.8163265306122449,
    "soft_coordination_order_score": 0.7598214285714285,
    "mean_abs_coordination_error": 1.2714285714285714,
    "bulk_coordination_defects": 159,
    "surface_coordination_defects": 165,
    "bulk_atom_fraction": 0.5833333333333334,
    "rdf_pu_o_peak_sharpness": 2.6470588235294117,
    "rdf_pu_pu_peak_sharpness": 2.685579196217494,
    "rdf_o_o_peak_sharpness": 2.4103846611885196
  },
  "initial_min_pair_distances": {
    "min_distance_pu_o": 1.660799255735021,
    "min_distance_o_o": 1.9225992149766942,
    "min_distance_pu_pu": 3.0886456733262557
  },
  "after_repair_min_pair_distances": {
    "min_distance_pu_o": 1.9009918970705793,
    "min_distance_o_o": 2.0025962065964698,
    "min_distance_pu_pu": 2.909505544064083
  },
  "final_min_pair_distances": {
    "min_distance_pu_o": 1.9002046776327925,
    "min_distance_o_o": 2.044950506597359,
    "min_distance_pu_pu": 2.894407915343589
  },
  "initial_close_contact_thresholds_satisfied": false,
  "after_repair_close_contact_thresholds_satisfied": true,
  "final_close_contact_thresholds_satisfied": true,
  "workflow": "seeded_crystallization",
  "state_comparison_after_repair_after_stage1_final": {
    "after_repair": {
      "energy_per_puo2_eV": -46.49942485272052,
      "bulk_fluorite_order_score": 0.6295180722891566,
      "mean_abs_coordination_error": 1.5571428571428572,
      "fraction_pu_with_8_o": 0.02857142857142857,
      "fraction_o_with_4_pu": 0.21071428571428572,
      "min_pair_distances": {
        "min_distance_pu_o": 1.9009918970705793,
        "min_distance_o_o": 2.0025962065964698,
        "min_distance_pu_pu": 2.909505544064083
      },
      "close_contact_thresholds_satisfied": true
    },
    "after_stage1": {
      "energy_per_puo2_eV": -47.06182751204626,
      "bulk_fluorite_order_score": 0.7703180212014135,
      "mean_abs_coordination_error": 1.3761904761904762,
      "fraction_pu_with_8_o": 0.1,
      "fraction_o_with_4_pu": 0.25357142857142856,
      "min_pair_distances": {
        "min_distance_pu_o": 1.901643435911218,
        "min_distance_o_o": 2.076409916811069,
        "min_distance_pu_pu": 2.8650600058050744
      },
      "close_contact_thresholds_satisfied": true
    },
    "final": {
      "energy_per_puo2_eV": -47.22176904322196,
      "bulk_fluorite_order_score": 0.8163265306122449,
      "mean_abs_coordination_error": 1.2714285714285714,
      "fraction_pu_with_8_o": 0.1,
      "fraction_o_with_4_pu": 0.29285714285714287,
      "min_pair_distances": {
        "min_distance_pu_o": 1.9002046776327925,
        "min_distance_o_o": 2.044950506597359,
        "min_distance_pu_pu": 2.894407915343589
      },
      "close_contact_thresholds_satisfied": true
    },
    "deltas": {
      "stage1_minus_after_repair_energy_per_puo2_eV": -0.5624026593257341,
      "final_minus_after_stage1_energy_per_puo2_eV": -0.1599415311757042,
      "final_minus_after_repair_energy_per_puo2_eV": -0.7223441905014383,
      "final_minus_after_repair_bulk_order_score": 0.18680845832308834,
      "final_minus_after_repair_mean_abs_coordination_error": -0.2857142857142858,
      "final_minus_after_repair_fraction_pu_with_8_o": 0.07142857142857144,
      "final_minus_after_repair_fraction_o_with_4_pu": 0.08214285714285716
    }
  },
  "seed_radius": 5.0,
  "seed_atom_count": 33,
  "freeze_seed_stage1": false,
  "steps_stage1": 4000,
  "steps_stage2": 10000,
  "lambda_stage1": 2.5,
  "lambda_stage2": 0.15,
  "temperature_stage1": 3600.0,
  "temperature_stage2": 2400.0,
  "n_candidates_per_step": 96,
  "exact_shortlist_size": 10,
  "pre_relaxation_steps": 1000,
  "post_seed_repair_steps": 1000,
  "max_exact_delta_e_above": 0.15,
  "n_jobs": 1,
  "wall_time_stage1_s": 3832.7327997999964,
  "wall_time_stage2_s": 12615.661263699993,
  "final_crystalline_core_size": 225,
  "final_growth_front_size": 108
}