{
  "units": {
    "distance": "angstrom",
    "energy": "eV"
  },
  "n_atoms": 420,
  "n_pu": 140,
  "n_o": 280,
  "initial_energy_eV": -6530.1918336942,
  "final_energy_eV": -6550.7820983547335,
  "initial_energy_per_atom_eV": -15.54807579451,
  "final_energy_per_atom_eV": -15.597100234177937,
  "n_formula_units": 140,
  "original_energy_per_puo2_eV": -46.64422738353,
  "initial_energy_per_puo2_eV": -46.64422738353,
  "after_repair_energy_per_puo2_eV": -46.71908682859605,
  "final_energy_per_puo2_eV": -46.79130070253381,
  "delta_repair_energy_per_puo2_eV": -0.07485944506604808,
  "delta_kmc_energy_per_puo2_eV": -0.0722138739377637,
  "delta_total_energy_per_puo2_eV": -0.14707331900381176,
  "delta_energy_per_puo2_eV": -0.14707331900381176,
  "relative_energy_decrease": 0.0031530872576044236,
  "initial_structure": {
    "mean_pu_o_coordination": 5.764285714285714,
    "mean_o_pu_coordination": 2.882142857142857,
    "fraction_pu_with_8_o": 0.04285714285714286,
    "fraction_o_with_4_pu": 0.21071428571428572,
    "fraction_pu_with_7_to_9_o": 0.2714285714285714,
    "fraction_o_with_3_to_5_pu": 0.65,
    "fraction_pu_with_7_to_9_o_neighbors": 0.2714285714285714,
    "fraction_o_with_3_to_5_pu_neighbors": 0.65,
    "mean_abs_pu_o_coordination_error": 2.2928571428571427,
    "mean_abs_o_pu_coordination_error": 1.1535714285714285,
    "fluorite_order_score": 0.5238095238095238,
    "bulk_fluorite_order_score": 0.6426426426426426,
    "soft_coordination_order_score": 0.712202380952381,
    "mean_abs_coordination_error": 1.5333333333333334,
    "bulk_coordination_defects": 269,
    "surface_coordination_defects": 86,
    "bulk_atom_fraction": 0.7928571428571428,
    "rdf_pu_o_peak_sharpness": 2.722570106180234,
    "rdf_pu_pu_peak_sharpness": 3.1123287671232873,
    "rdf_o_o_peak_sharpness": 2.5052192066805845
  },
  "after_repair_structure": {
    "mean_pu_o_coordination": 5.764285714285714,
    "mean_o_pu_coordination": 2.882142857142857,
    "fraction_pu_with_8_o": 0.04285714285714286,
    "fraction_o_with_4_pu": 0.20714285714285716,
    "fraction_pu_with_7_to_9_o": 0.2714285714285714,
    "fraction_o_with_3_to_5_pu": 0.6535714285714286,
    "fraction_pu_with_7_to_9_o_neighbors": 0.2714285714285714,
    "fraction_o_with_3_to_5_pu_neighbors": 0.6535714285714286,
    "mean_abs_pu_o_coordination_error": 2.2928571428571427,
    "mean_abs_o_pu_coordination_error": 1.1535714285714285,
    "fluorite_order_score": 0.5261904761904762,
    "bulk_fluorite_order_score": 0.6426426426426426,
    "soft_coordination_order_score": 0.712202380952381,
    "mean_abs_coordination_error": 1.5333333333333334,
    "bulk_coordination_defects": 270,
    "surface_coordination_defects": 86,
    "bulk_atom_fraction": 0.7928571428571428,
    "rdf_pu_o_peak_sharpness": 2.7018929592809475,
    "rdf_pu_pu_peak_sharpness": 3.114035087719299,
    "rdf_o_o_peak_sharpness": 2.5605343723907596
  },
  "final_structure": {
    "mean_pu_o_coordination": 5.764285714285714,
    "mean_o_pu_coordination": 2.882142857142857,
    "fraction_pu_with_8_o": 0.03571428571428571,
    "fraction_o_with_4_pu": 0.19285714285714287,
    "fraction_pu_with_7_to_9_o": 0.2571428571428571,
    "fraction_o_with_3_to_5_pu": 0.6535714285714286,
    "fraction_pu_with_7_to_9_o_neighbors": 0.2571428571428571,
    "fraction_o_with_3_to_5_pu_neighbors": 0.6535714285714286,
    "mean_abs_pu_o_coordination_error": 2.307142857142857,
    "mean_abs_o_pu_coordination_error": 1.167857142857143,
    "fluorite_order_score": 0.5214285714285715,
    "bulk_fluorite_order_score": 0.6501547987616099,
    "soft_coordination_order_score": 0.7092261904761905,
    "mean_abs_coordination_error": 1.5476190476190477,
    "bulk_coordination_defects": 265,
    "surface_coordination_defects": 96,
    "bulk_atom_fraction": 0.7690476190476191,
    "rdf_pu_o_peak_sharpness": 2.803813616221297,
    "rdf_pu_pu_peak_sharpness": 3.203463203463203,
    "rdf_o_o_peak_sharpness": 2.486649322196358
  },
  "initial_min_pair_distances": {
    "min_distance_pu_o": 1.660799255735021,
    "min_distance_o_o": 1.9225992149766942,
    "min_distance_pu_pu": 3.0886456733262557
  },
  "after_repair_min_pair_distances": {
    "min_distance_pu_o": 1.9009918970705793,
    "min_distance_o_o": 2.0123080413809733,
    "min_distance_pu_pu": 3.0997431349216664
  },
  "final_min_pair_distances": {
    "min_distance_pu_o": 1.9007521297565948,
    "min_distance_o_o": 2.0010853651421376,
    "min_distance_pu_pu": 3.0330957328813724
  },
  "wall_time_s": 106.03342070000144,
  "steps_per_second": 2.8292966313779964,
  "n_steps": 300,
  "n_candidates_per_step": 64,
  "exact_shortlist_size": 8,
  "uncertainty_shortlist_size": 4,
  "pre_relaxation_steps": 300
}