{
  "units": {
    "distance": "angstrom",
    "energy": "eV"
  },
  "n_atoms": 420,
  "n_pu": 140,
  "n_o": 280,
  "initial_energy_eV": -6530.1918336942,
  "final_energy_eV": -6549.7031965448405,
  "initial_energy_per_atom_eV": -15.54807579451,
  "final_energy_per_atom_eV": -15.594531420344858,
  "n_formula_units": 140,
  "original_energy_per_puo2_eV": -46.64422738353,
  "initial_energy_per_puo2_eV": -46.64422738353,
  "after_repair_energy_per_puo2_eV": -46.475997986064456,
  "final_energy_per_puo2_eV": -46.78359426103457,
  "delta_repair_energy_per_puo2_eV": 0.16822939746554247,
  "delta_kmc_energy_per_puo2_eV": -0.30759627497011804,
  "delta_total_energy_per_puo2_eV": -0.13936687750457558,
  "delta_energy_per_puo2_eV": -0.13936687750457558,
  "relative_energy_decrease": 0.0029878697820126354,
  "initial_structure": {
    "mean_pu_o_coordination": 5.764285714285714,
    "mean_o_pu_coordination": 2.882142857142857,
    "fraction_pu_with_8_o": 0.04285714285714286,
    "fraction_o_with_4_pu": 0.21071428571428572,
    "fraction_pu_with_7_to_9_o": 0.2714285714285714,
    "fraction_o_with_3_to_5_pu": 0.65,
    "fraction_pu_with_7_to_9_o_neighbors": 0.2714285714285714,
    "fraction_o_with_3_to_5_pu_neighbors": 0.65,
    "mean_abs_pu_o_coordination_error": 2.2928571428571427,
    "mean_abs_o_pu_coordination_error": 1.1535714285714285,
    "fluorite_order_score": 0.5238095238095238,
    "bulk_fluorite_order_score": 0.6426426426426426,
    "soft_coordination_order_score": 0.712202380952381,
    "mean_abs_coordination_error": 1.5333333333333334,
    "bulk_coordination_defects": 269,
    "surface_coordination_defects": 86,
    "bulk_atom_fraction": 0.7928571428571428,
    "rdf_pu_o_peak_sharpness": 2.722570106180234,
    "rdf_pu_pu_peak_sharpness": 3.1123287671232873,
    "rdf_o_o_peak_sharpness": 2.5052192066805845
  },
  "after_repair_structure": {
    "mean_pu_o_coordination": 5.742857142857143,
    "mean_o_pu_coordination": 2.8714285714285714,
    "fraction_pu_with_8_o": 0.03571428571428571,
    "fraction_o_with_4_pu": 0.225,
    "fraction_pu_with_7_to_9_o": 0.2785714285714286,
    "fraction_o_with_3_to_5_pu": 0.6321428571428571,
    "fraction_pu_with_7_to_9_o_neighbors": 0.2785714285714286,
    "fraction_o_with_3_to_5_pu_neighbors": 0.6321428571428571,
    "mean_abs_pu_o_coordination_error": 2.3142857142857145,
    "mean_abs_o_pu_coordination_error": 1.1571428571428573,
    "fluorite_order_score": 0.5142857142857142,
    "bulk_fluorite_order_score": 0.6295180722891566,
    "soft_coordination_order_score": 0.7107142857142857,
    "mean_abs_coordination_error": 1.542857142857143,
    "bulk_coordination_defects": 266,
    "surface_coordination_defects": 86,
    "bulk_atom_fraction": 0.7904761904761904,
    "rdf_pu_o_peak_sharpness": 2.8245518739815316,
    "rdf_pu_pu_peak_sharpness": 3.152709359605911,
    "rdf_o_o_peak_sharpness": 2.623315270251494
  },
  "final_structure": {
    "mean_pu_o_coordination": 5.821428571428571,
    "mean_o_pu_coordination": 2.9107142857142856,
    "fraction_pu_with_8_o": 0.05714285714285714,
    "fraction_o_with_4_pu": 0.22857142857142856,
    "fraction_pu_with_7_to_9_o": 0.2857142857142857,
    "fraction_o_with_3_to_5_pu": 0.6392857142857142,
    "fraction_pu_with_7_to_9_o_neighbors": 0.2857142857142857,
    "fraction_o_with_3_to_5_pu_neighbors": 0.6392857142857142,
    "mean_abs_pu_o_coordination_error": 2.2357142857142858,
    "mean_abs_o_pu_coordination_error": 1.1464285714285714,
    "fluorite_order_score": 0.5214285714285715,
    "bulk_fluorite_order_score": 0.6592356687898089,
    "soft_coordination_order_score": 0.7157738095238095,
    "mean_abs_coordination_error": 1.5095238095238095,
    "bulk_coordination_defects": 244,
    "surface_coordination_defects": 104,
    "bulk_atom_fraction": 0.7476190476190476,
    "rdf_pu_o_peak_sharpness": 2.687933063145509,
    "rdf_pu_pu_peak_sharpness": 3.196635120925342,
    "rdf_o_o_peak_sharpness": 2.471789360558839
  },
  "initial_min_pair_distances": {
    "min_distance_pu_o": 1.660799255735021,
    "min_distance_o_o": 1.9225992149766942,
    "min_distance_pu_pu": 3.0886456733262557
  },
  "after_repair_min_pair_distances": {
    "min_distance_pu_o": 1.900119692188112,
    "min_distance_o_o": 2.034041367232486,
    "min_distance_pu_pu": 2.9264998734525274
  },
  "final_min_pair_distances": {
    "min_distance_pu_o": 1.9010031502595977,
    "min_distance_o_o": 2.0288269027540933,
    "min_distance_pu_pu": 2.9264998734525274
  },
  "initial_close_contact_thresholds_satisfied": false,
  "after_repair_close_contact_thresholds_satisfied": true,
  "final_close_contact_thresholds_satisfied": true,
  "workflow": "seeded_crystallization",
  "state_comparison_after_repair_after_stage1_final": {
    "after_repair": {
      "energy_per_puo2_eV": -46.475997986064456,
      "bulk_fluorite_order_score": 0.6295180722891566,
      "mean_abs_coordination_error": 1.542857142857143,
      "fraction_pu_with_8_o": 0.03571428571428571,
      "fraction_o_with_4_pu": 0.225,
      "min_pair_distances": {
        "min_distance_pu_o": 1.900119692188112,
        "min_distance_o_o": 2.034041367232486,
        "min_distance_pu_pu": 2.9264998734525274
      },
      "close_contact_thresholds_satisfied": true
    },
    "after_stage1": {
      "energy_per_puo2_eV": -46.67780484412342,
      "bulk_fluorite_order_score": 0.6176470588235294,
      "mean_abs_coordination_error": 1.5285714285714285,
      "fraction_pu_with_8_o": 0.07142857142857142,
      "fraction_o_with_4_pu": 0.22142857142857142,
      "min_pair_distances": {
        "min_distance_pu_o": 1.9008960246065867,
        "min_distance_o_o": 2.0288269027540933,
        "min_distance_pu_pu": 2.9264998734525274
      },
      "close_contact_thresholds_satisfied": true
    },
    "final": {
      "energy_per_puo2_eV": -46.78359426103457,
      "bulk_fluorite_order_score": 0.6592356687898089,
      "mean_abs_coordination_error": 1.5095238095238095,
      "fraction_pu_with_8_o": 0.05714285714285714,
      "fraction_o_with_4_pu": 0.22857142857142856,
      "min_pair_distances": {
        "min_distance_pu_o": 1.9010031502595977,
        "min_distance_o_o": 2.0288269027540933,
        "min_distance_pu_pu": 2.9264998734525274
      },
      "close_contact_thresholds_satisfied": true
    },
    "deltas": {
      "stage1_minus_after_repair_energy_per_puo2_eV": -0.2018068580589656,
      "final_minus_after_stage1_energy_per_puo2_eV": -0.10578941691115062,
      "final_minus_after_repair_energy_per_puo2_eV": -0.3075962749701162,
      "final_minus_after_repair_bulk_order_score": 0.02971759650065231,
      "final_minus_after_repair_mean_abs_coordination_error": -0.03333333333333344,
      "final_minus_after_repair_fraction_pu_with_8_o": 0.02142857142857143,
      "final_minus_after_repair_fraction_o_with_4_pu": 0.0035714285714285587
    }
  },
  "seed_radius": 5.0,
  "seed_atom_count": 33,
  "freeze_seed_stage1": false,
  "steps_stage1": 500,
  "steps_stage2": 500,
  "lambda_stage1": 3.0,
  "lambda_stage2": 0.5,
  "temperature_stage1": 3600.0,
  "temperature_stage2": 2600.0,
  "n_candidates_per_step": 64,
  "exact_shortlist_size": 8,
  "pre_relaxation_steps": 500,
  "post_seed_repair_steps": 500,
  "max_exact_delta_e_above": 0.2,
  "n_jobs": 1,
  "wall_time_stage1_s": 159.64085560000012,
  "wall_time_stage2_s": 159.6279182000003,
  "final_crystalline_core_size": 241,
  "final_growth_front_size": 162
}