{
  "units": {
    "distance": "angstrom",
    "energy": "eV"
  },
  "n_atoms": 420,
  "n_pu": 140,
  "n_o": 280,
  "initial_energy_eV": -6530.1918336942,
  "final_energy_eV": -6540.821830895579,
  "initial_energy_per_atom_eV": -15.54807579451,
  "final_energy_per_atom_eV": -15.573385311656141,
  "n_formula_units": 140,
  "original_energy_per_puo2_eV": -46.64422738353,
  "initial_energy_per_puo2_eV": -46.64422738353,
  "after_repair_energy_per_puo2_eV": -46.46317319434785,
  "final_energy_per_puo2_eV": -46.720155934968425,
  "delta_repair_energy_per_puo2_eV": 0.18105418918214908,
  "delta_kmc_energy_per_puo2_eV": -0.2569827406205734,
  "delta_total_energy_per_puo2_eV": -0.07592855143842436,
  "delta_energy_per_puo2_eV": -0.07592855143842436,
  "relative_energy_decrease": 0.0016278231133320178,
  "initial_structure": {
    "mean_pu_o_coordination": 5.764285714285714,
    "mean_o_pu_coordination": 2.882142857142857,
    "fraction_pu_with_8_o": 0.04285714285714286,
    "fraction_o_with_4_pu": 0.21071428571428572,
    "fraction_pu_with_7_to_9_o": 0.2714285714285714,
    "fraction_o_with_3_to_5_pu": 0.65,
    "fraction_pu_with_7_to_9_o_neighbors": 0.2714285714285714,
    "fraction_o_with_3_to_5_pu_neighbors": 0.65,
    "mean_abs_pu_o_coordination_error": 2.2928571428571427,
    "mean_abs_o_pu_coordination_error": 1.1535714285714285,
    "fluorite_order_score": 0.5238095238095238,
    "bulk_fluorite_order_score": 0.6426426426426426,
    "soft_coordination_order_score": 0.712202380952381,
    "mean_abs_coordination_error": 1.5333333333333334,
    "bulk_coordination_defects": 269,
    "surface_coordination_defects": 86,
    "bulk_atom_fraction": 0.7928571428571428,
    "rdf_pu_o_peak_sharpness": 2.722570106180234,
    "rdf_pu_pu_peak_sharpness": 3.1123287671232873,
    "rdf_o_o_peak_sharpness": 2.5052192066805845
  },
  "after_repair_structure": {
    "mean_pu_o_coordination": 5.735714285714286,
    "mean_o_pu_coordination": 2.867857142857143,
    "fraction_pu_with_8_o": 0.02857142857142857,
    "fraction_o_with_4_pu": 0.22142857142857142,
    "fraction_pu_with_7_to_9_o": 0.2714285714285714,
    "fraction_o_with_3_to_5_pu": 0.6392857142857142,
    "fraction_pu_with_7_to_9_o_neighbors": 0.2714285714285714,
    "fraction_o_with_3_to_5_pu_neighbors": 0.6392857142857142,
    "mean_abs_pu_o_coordination_error": 2.3214285714285716,
    "mean_abs_o_pu_coordination_error": 1.1535714285714285,
    "fluorite_order_score": 0.5166666666666667,
    "bulk_fluorite_order_score": 0.6295180722891566,
    "soft_coordination_order_score": 0.7110119047619048,
    "mean_abs_coordination_error": 1.542857142857143,
    "bulk_coordination_defects": 268,
    "surface_coordination_defects": 86,
    "bulk_atom_fraction": 0.7904761904761904,
    "rdf_pu_o_peak_sharpness": 2.891697241473026,
    "rdf_pu_pu_peak_sharpness": 3.060109289617486,
    "rdf_o_o_peak_sharpness": 2.6118366212836897
  },
  "final_structure": {
    "mean_pu_o_coordination": 5.7785714285714285,
    "mean_o_pu_coordination": 2.8892857142857142,
    "fraction_pu_with_8_o": 0.03571428571428571,
    "fraction_o_with_4_pu": 0.22857142857142856,
    "fraction_pu_with_7_to_9_o": 0.2571428571428571,
    "fraction_o_with_3_to_5_pu": 0.6428571428571429,
    "fraction_pu_with_7_to_9_o_neighbors": 0.2571428571428571,
    "fraction_o_with_3_to_5_pu_neighbors": 0.6428571428571429,
    "mean_abs_pu_o_coordination_error": 2.2928571428571427,
    "mean_abs_o_pu_coordination_error": 1.1464285714285714,
    "fluorite_order_score": 0.5142857142857142,
    "bulk_fluorite_order_score": 0.6529968454258676,
    "soft_coordination_order_score": 0.7133928571428572,
    "mean_abs_coordination_error": 1.5285714285714285,
    "bulk_coordination_defects": 251,
    "surface_coordination_defects": 100,
    "bulk_atom_fraction": 0.7547619047619047,
    "rdf_pu_o_peak_sharpness": 2.5847123719464142,
    "rdf_pu_pu_peak_sharpness": 3.0997876857749467,
    "rdf_o_o_peak_sharpness": 2.4323960715727164
  },
  "initial_min_pair_distances": {
    "min_distance_pu_o": 1.660799255735021,
    "min_distance_o_o": 1.9225992149766942,
    "min_distance_pu_pu": 3.0886456733262557
  },
  "after_repair_min_pair_distances": {
    "min_distance_pu_o": 1.9001547635772849,
    "min_distance_o_o": 2.0204512974880235,
    "min_distance_pu_pu": 2.8754096774145084
  },
  "final_min_pair_distances": {
    "min_distance_pu_o": 1.9002142746119335,
    "min_distance_o_o": 2.004449605097684,
    "min_distance_pu_pu": 2.8659310052810265
  },
  "initial_close_contact_thresholds_satisfied": false,
  "after_repair_close_contact_thresholds_satisfied": true,
  "final_close_contact_thresholds_satisfied": true,
  "workflow": "seeded_crystallization",
  "state_comparison_after_repair_after_stage1_final": {
    "after_repair": {
      "energy_per_puo2_eV": -46.46317319434785,
      "bulk_fluorite_order_score": 0.6295180722891566,
      "mean_abs_coordination_error": 1.542857142857143,
      "fraction_pu_with_8_o": 0.02857142857142857,
      "fraction_o_with_4_pu": 0.22142857142857142,
      "min_pair_distances": {
        "min_distance_pu_o": 1.9001547635772849,
        "min_distance_o_o": 2.0204512974880235,
        "min_distance_pu_pu": 2.8754096774145084
      },
      "close_contact_thresholds_satisfied": true
    },
    "after_stage1": {
      "energy_per_puo2_eV": -46.61969126185049,
      "bulk_fluorite_order_score": 0.6688102893890675,
      "mean_abs_coordination_error": 1.5095238095238095,
      "fraction_pu_with_8_o": 0.05,
      "fraction_o_with_4_pu": 0.2357142857142857,
      "min_pair_distances": {
        "min_distance_pu_o": 1.901965183270961,
        "min_distance_o_o": 2.004449605097684,
        "min_distance_pu_pu": 2.8466961115208957
      },
      "close_contact_thresholds_satisfied": true
    },
    "final": {
      "energy_per_puo2_eV": -46.720155934968425,
      "bulk_fluorite_order_score": 0.6529968454258676,
      "mean_abs_coordination_error": 1.5285714285714285,
      "fraction_pu_with_8_o": 0.03571428571428571,
      "fraction_o_with_4_pu": 0.22857142857142856,
      "min_pair_distances": {
        "min_distance_pu_o": 1.9002142746119335,
        "min_distance_o_o": 2.004449605097684,
        "min_distance_pu_pu": 2.8659310052810265
      },
      "close_contact_thresholds_satisfied": true
    },
    "deltas": {
      "stage1_minus_after_repair_energy_per_puo2_eV": -0.1565180675026383,
      "final_minus_after_stage1_energy_per_puo2_eV": -0.1004646731179335,
      "final_minus_after_repair_energy_per_puo2_eV": -0.2569827406205718,
      "final_minus_after_repair_bulk_order_score": 0.023478773136710984,
      "final_minus_after_repair_mean_abs_coordination_error": -0.014285714285714457,
      "final_minus_after_repair_fraction_pu_with_8_o": 0.007142857142857142,
      "final_minus_after_repair_fraction_o_with_4_pu": 0.007142857142857145
    }
  },
  "seed_radius": 5.0,
  "seed_atom_count": 33,
  "freeze_seed_stage1": false,
  "steps_stage1": 500,
  "steps_stage2": 500,
  "lambda_stage1": 3.0,
  "lambda_stage2": 0.5,
  "temperature_stage1": 3600.0,
  "temperature_stage2": 2600.0,
  "n_candidates_per_step": 64,
  "exact_shortlist_size": 8,
  "pre_relaxation_steps": 500,
  "post_seed_repair_steps": 500,
  "max_exact_delta_e_above": 0.2,
  "n_jobs": 1,
  "wall_time_stage1_s": 155.75678470000025,
  "wall_time_stage2_s": 166.93312639999976,
  "final_crystalline_core_size": 243,
  "final_growth_front_size": 163
}