{
  "units": {
    "distance": "angstrom",
    "energy": "eV"
  },
  "n_atoms": 420,
  "n_pu": 140,
  "n_o": 280,
  "initial_energy_eV": -6530.1918336942,
  "final_energy_eV": -6573.193911052046,
  "initial_energy_per_atom_eV": -15.54807579451,
  "final_energy_per_atom_eV": -15.650461692981063,
  "n_formula_units": 140,
  "original_energy_per_puo2_eV": -46.64422738353,
  "initial_energy_per_puo2_eV": -46.64422738353,
  "after_repair_energy_per_puo2_eV": -46.556733681402626,
  "final_energy_per_puo2_eV": -46.95138507894319,
  "delta_repair_energy_per_puo2_eV": 0.0874937021273711,
  "delta_kmc_energy_per_puo2_eV": -0.3946513975405586,
  "delta_total_energy_per_puo2_eV": -0.3071576954131875,
  "delta_energy_per_puo2_eV": -0.3071576954131875,
  "relative_energy_decrease": 0.006585117015393943,
  "initial_structure": {
    "mean_pu_o_coordination": 5.764285714285714,
    "mean_o_pu_coordination": 2.882142857142857,
    "fraction_pu_with_8_o": 0.04285714285714286,
    "fraction_o_with_4_pu": 0.21071428571428572,
    "fraction_pu_with_7_to_9_o": 0.2714285714285714,
    "fraction_o_with_3_to_5_pu": 0.65,
    "fraction_pu_with_7_to_9_o_neighbors": 0.2714285714285714,
    "fraction_o_with_3_to_5_pu_neighbors": 0.65,
    "mean_abs_pu_o_coordination_error": 2.2928571428571427,
    "mean_abs_o_pu_coordination_error": 1.1535714285714285,
    "fluorite_order_score": 0.5238095238095238,
    "bulk_fluorite_order_score": 0.6426426426426426,
    "soft_coordination_order_score": 0.712202380952381,
    "mean_abs_coordination_error": 1.5333333333333334,
    "bulk_coordination_defects": 269,
    "surface_coordination_defects": 86,
    "bulk_atom_fraction": 0.7928571428571428,
    "rdf_pu_o_peak_sharpness": 2.722570106180234,
    "rdf_pu_pu_peak_sharpness": 3.1123287671232873,
    "rdf_o_o_peak_sharpness": 2.5052192066805845
  },
  "after_repair_structure": {
    "mean_pu_o_coordination": 5.7214285714285715,
    "mean_o_pu_coordination": 2.8607142857142858,
    "fraction_pu_with_8_o": 0.02857142857142857,
    "fraction_o_with_4_pu": 0.21071428571428572,
    "fraction_pu_with_7_to_9_o": 0.2571428571428571,
    "fraction_o_with_3_to_5_pu": 0.6357142857142857,
    "fraction_pu_with_7_to_9_o_neighbors": 0.2571428571428571,
    "fraction_o_with_3_to_5_pu_neighbors": 0.6357142857142857,
    "mean_abs_pu_o_coordination_error": 2.335714285714286,
    "mean_abs_o_pu_coordination_error": 1.167857142857143,
    "fluorite_order_score": 0.5095238095238095,
    "bulk_fluorite_order_score": 0.6234939759036144,
    "soft_coordination_order_score": 0.7080357142857143,
    "mean_abs_coordination_error": 1.5571428571428572,
    "bulk_coordination_defects": 271,
    "surface_coordination_defects": 86,
    "bulk_atom_fraction": 0.7904761904761904,
    "rdf_pu_o_peak_sharpness": 2.825319206737299,
    "rdf_pu_pu_peak_sharpness": 3.071859572133845,
    "rdf_o_o_peak_sharpness": 2.6533444351928948
  },
  "final_structure": {
    "mean_pu_o_coordination": 6.242857142857143,
    "mean_o_pu_coordination": 3.1214285714285714,
    "fraction_pu_with_8_o": 0.07857142857142857,
    "fraction_o_with_4_pu": 0.29285714285714287,
    "fraction_pu_with_7_to_9_o": 0.42857142857142855,
    "fraction_o_with_3_to_5_pu": 0.7321428571428571,
    "fraction_pu_with_7_to_9_o_neighbors": 0.42857142857142855,
    "fraction_o_with_3_to_5_pu_neighbors": 0.7321428571428571,
    "mean_abs_pu_o_coordination_error": 1.8571428571428572,
    "mean_abs_o_pu_coordination_error": 0.9857142857142858,
    "fluorite_order_score": 0.6309523809523809,
    "bulk_fluorite_order_score": 0.7830508474576271,
    "soft_coordination_order_score": 0.7583333333333333,
    "mean_abs_coordination_error": 1.276190476190476,
    "bulk_coordination_defects": 207,
    "surface_coordination_defects": 120,
    "bulk_atom_fraction": 0.7023809523809523,
    "rdf_pu_o_peak_sharpness": 2.536859349403229,
    "rdf_pu_pu_peak_sharpness": 2.7796287482151354,
    "rdf_o_o_peak_sharpness": 2.4306472919418756
  },
  "initial_min_pair_distances": {
    "min_distance_pu_o": 1.660799255735021,
    "min_distance_o_o": 1.9225992149766942,
    "min_distance_pu_pu": 3.0886456733262557
  },
  "after_repair_min_pair_distances": {
    "min_distance_pu_o": 1.9002984569318293,
    "min_distance_o_o": 2.028106568648502,
    "min_distance_pu_pu": 2.8878540106695336
  },
  "final_min_pair_distances": {
    "min_distance_pu_o": 1.9005320173994837,
    "min_distance_o_o": 2.020839272379574,
    "min_distance_pu_pu": 2.810275741497532
  },
  "initial_close_contact_thresholds_satisfied": false,
  "after_repair_close_contact_thresholds_satisfied": true,
  "final_close_contact_thresholds_satisfied": true,
  "workflow": "seeded_crystallization",
  "state_comparison_after_repair_after_stage1_final": {
    "after_repair": {
      "energy_per_puo2_eV": -46.556733681402626,
      "bulk_fluorite_order_score": 0.6234939759036144,
      "mean_abs_coordination_error": 1.5571428571428572,
      "fraction_pu_with_8_o": 0.02857142857142857,
      "fraction_o_with_4_pu": 0.21071428571428572,
      "min_pair_distances": {
        "min_distance_pu_o": 1.9002984569318293,
        "min_distance_o_o": 2.028106568648502,
        "min_distance_pu_pu": 2.8878540106695336
      },
      "close_contact_thresholds_satisfied": true
    },
    "after_stage1": {
      "energy_per_puo2_eV": -46.87424377855484,
      "bulk_fluorite_order_score": 0.7545787545787546,
      "mean_abs_coordination_error": 1.4047619047619047,
      "fraction_pu_with_8_o": 0.09285714285714286,
      "fraction_o_with_4_pu": 0.22142857142857142,
      "min_pair_distances": {
        "min_distance_pu_o": 1.9000985840787872,
        "min_distance_o_o": 2.084704143904343,
        "min_distance_pu_pu": 2.884276718416322
      },
      "close_contact_thresholds_satisfied": true
    },
    "final": {
      "energy_per_puo2_eV": -46.95138507894319,
      "bulk_fluorite_order_score": 0.7830508474576271,
      "mean_abs_coordination_error": 1.276190476190476,
      "fraction_pu_with_8_o": 0.07857142857142857,
      "fraction_o_with_4_pu": 0.29285714285714287,
      "min_pair_distances": {
        "min_distance_pu_o": 1.9005320173994837,
        "min_distance_o_o": 2.020839272379574,
        "min_distance_pu_pu": 2.810275741497532
      },
      "close_contact_thresholds_satisfied": true
    },
    "deltas": {
      "stage1_minus_after_repair_energy_per_puo2_eV": -0.31751009715221556,
      "final_minus_after_stage1_energy_per_puo2_eV": -0.0771413003883481,
      "final_minus_after_repair_energy_per_puo2_eV": -0.39465139754056366,
      "final_minus_after_repair_bulk_order_score": 0.15955687155401266,
      "final_minus_after_repair_mean_abs_coordination_error": -0.28095238095238106,
      "final_minus_after_repair_fraction_pu_with_8_o": 0.05,
      "final_minus_after_repair_fraction_o_with_4_pu": 0.08214285714285716
    }
  },
  "seed_radius": 5.0,
  "seed_atom_count": 33,
  "freeze_seed_stage1": false,
  "steps_stage1": 5000,
  "steps_stage2": 5000,
  "lambda_stage1": 4.0,
  "lambda_stage2": 0.75,
  "temperature_stage1": 3300.0,
  "temperature_stage2": 2200.0,
  "n_candidates_per_step": 128,
  "exact_shortlist_size": 12,
  "pre_relaxation_steps": 1000,
  "post_seed_repair_steps": 1000,
  "max_exact_delta_e_above": 0.2,
  "wall_time_stage1_s": 7370.751027099999,
  "wall_time_stage2_s": 7596.290559199999,
  "final_crystalline_core_size": 259,
  "final_growth_front_size": 116
}