{
  "units": {
    "distance": "angstrom",
    "energy": "eV"
  },
  "n_atoms": 420,
  "n_pu": 140,
  "n_o": 280,
  "initial_energy_eV": -6530.1918336942,
  "final_energy_eV": -6553.713282562089,
  "initial_energy_per_atom_eV": -15.54807579451,
  "final_energy_per_atom_eV": -15.60407924419545,
  "n_formula_units": 140,
  "original_energy_per_puo2_eV": -46.64422738353,
  "initial_energy_per_puo2_eV": -46.64422738353,
  "after_repair_energy_per_puo2_eV": -46.46584121853689,
  "final_energy_per_puo2_eV": -46.812237732586354,
  "delta_repair_energy_per_puo2_eV": 0.17838616499311033,
  "delta_kmc_energy_per_puo2_eV": -0.34639651404946303,
  "delta_total_energy_per_puo2_eV": -0.16801034905635268,
  "delta_energy_per_puo2_eV": -0.16801034905635268,
  "relative_energy_decrease": 0.0036019537353442553,
  "initial_structure": {
    "mean_pu_o_coordination": 5.764285714285714,
    "mean_o_pu_coordination": 2.882142857142857,
    "fraction_pu_with_8_o": 0.04285714285714286,
    "fraction_o_with_4_pu": 0.21071428571428572,
    "fraction_pu_with_7_to_9_o": 0.2714285714285714,
    "fraction_o_with_3_to_5_pu": 0.65,
    "fraction_pu_with_7_to_9_o_neighbors": 0.2714285714285714,
    "fraction_o_with_3_to_5_pu_neighbors": 0.65,
    "mean_abs_pu_o_coordination_error": 2.2928571428571427,
    "mean_abs_o_pu_coordination_error": 1.1535714285714285,
    "fluorite_order_score": 0.5238095238095238,
    "bulk_fluorite_order_score": 0.6426426426426426,
    "soft_coordination_order_score": 0.712202380952381,
    "mean_abs_coordination_error": 1.5333333333333334,
    "bulk_coordination_defects": 269,
    "surface_coordination_defects": 86,
    "bulk_atom_fraction": 0.7928571428571428,
    "rdf_pu_o_peak_sharpness": 2.722570106180234,
    "rdf_pu_pu_peak_sharpness": 3.1123287671232873,
    "rdf_o_o_peak_sharpness": 2.5052192066805845
  },
  "after_repair_structure": {
    "mean_pu_o_coordination": 5.742857142857143,
    "mean_o_pu_coordination": 2.8714285714285714,
    "fraction_pu_with_8_o": 0.02857142857142857,
    "fraction_o_with_4_pu": 0.21785714285714286,
    "fraction_pu_with_7_to_9_o": 0.2785714285714286,
    "fraction_o_with_3_to_5_pu": 0.6392857142857142,
    "fraction_pu_with_7_to_9_o_neighbors": 0.2785714285714286,
    "fraction_o_with_3_to_5_pu_neighbors": 0.6392857142857142,
    "mean_abs_pu_o_coordination_error": 2.3142857142857145,
    "mean_abs_o_pu_coordination_error": 1.1571428571428573,
    "fluorite_order_score": 0.5190476190476191,
    "bulk_fluorite_order_score": 0.6374622356495468,
    "soft_coordination_order_score": 0.7107142857142857,
    "mean_abs_coordination_error": 1.542857142857143,
    "bulk_coordination_defects": 268,
    "surface_coordination_defects": 87,
    "bulk_atom_fraction": 0.7880952380952381,
    "rdf_pu_o_peak_sharpness": 2.82570302947969,
    "rdf_pu_pu_peak_sharpness": 3.152709359605911,
    "rdf_o_o_peak_sharpness": 2.6344310129220507
  },
  "final_structure": {
    "mean_pu_o_coordination": 5.785714285714286,
    "mean_o_pu_coordination": 2.892857142857143,
    "fraction_pu_with_8_o": 0.05,
    "fraction_o_with_4_pu": 0.21428571428571427,
    "fraction_pu_with_7_to_9_o": 0.2714285714285714,
    "fraction_o_with_3_to_5_pu": 0.65,
    "fraction_pu_with_7_to_9_o_neighbors": 0.2714285714285714,
    "fraction_o_with_3_to_5_pu_neighbors": 0.65,
    "mean_abs_pu_o_coordination_error": 2.2714285714285714,
    "mean_abs_o_pu_coordination_error": 1.15,
    "fluorite_order_score": 0.5238095238095238,
    "bulk_fluorite_order_score": 0.6904761904761905,
    "soft_coordination_order_score": 0.7136904761904762,
    "mean_abs_coordination_error": 1.5238095238095237,
    "bulk_coordination_defects": 231,
    "surface_coordination_defects": 122,
    "bulk_atom_fraction": 0.7,
    "rdf_pu_o_peak_sharpness": 2.7488524590163936,
    "rdf_pu_pu_peak_sharpness": 3.044397463002114,
    "rdf_o_o_peak_sharpness": 2.4213204767644303
  },
  "initial_min_pair_distances": {
    "min_distance_pu_o": 1.660799255735021,
    "min_distance_o_o": 1.9225992149766942,
    "min_distance_pu_pu": 3.0886456733262557
  },
  "after_repair_min_pair_distances": {
    "min_distance_pu_o": 1.9009918970705793,
    "min_distance_o_o": 2.021269335289979,
    "min_distance_pu_pu": 2.9107621757321533
  },
  "final_min_pair_distances": {
    "min_distance_pu_o": 1.9006461651208935,
    "min_distance_o_o": 2.015817697509189,
    "min_distance_pu_pu": 2.906403566175243
  },
  "initial_close_contact_thresholds_satisfied": false,
  "after_repair_close_contact_thresholds_satisfied": true,
  "final_close_contact_thresholds_satisfied": true,
  "workflow": "seeded_crystallization",
  "state_comparison_after_repair_after_stage1_final": {
    "after_repair": {
      "energy_per_puo2_eV": -46.46584121853689,
      "bulk_fluorite_order_score": 0.6374622356495468,
      "mean_abs_coordination_error": 1.542857142857143,
      "fraction_pu_with_8_o": 0.02857142857142857,
      "fraction_o_with_4_pu": 0.21785714285714286,
      "min_pair_distances": {
        "min_distance_pu_o": 1.9009918970705793,
        "min_distance_o_o": 2.021269335289979,
        "min_distance_pu_pu": 2.9107621757321533
      },
      "close_contact_thresholds_satisfied": true
    },
    "after_stage1": {
      "energy_per_puo2_eV": -46.66360373971665,
      "bulk_fluorite_order_score": 0.6972789115646258,
      "mean_abs_coordination_error": 1.5571428571428572,
      "fraction_pu_with_8_o": 0.02857142857142857,
      "fraction_o_with_4_pu": 0.19285714285714287,
      "min_pair_distances": {
        "min_distance_pu_o": 1.9011730813649266,
        "min_distance_o_o": 2.0184513110737266,
        "min_distance_pu_pu": 2.905899467120139
      },
      "close_contact_thresholds_satisfied": true
    },
    "final": {
      "energy_per_puo2_eV": -46.812237732586354,
      "bulk_fluorite_order_score": 0.6904761904761905,
      "mean_abs_coordination_error": 1.5238095238095237,
      "fraction_pu_with_8_o": 0.05,
      "fraction_o_with_4_pu": 0.21428571428571427,
      "min_pair_distances": {
        "min_distance_pu_o": 1.9006461651208935,
        "min_distance_o_o": 2.015817697509189,
        "min_distance_pu_pu": 2.906403566175243
      },
      "close_contact_thresholds_satisfied": true
    },
    "deltas": {
      "stage1_minus_after_repair_energy_per_puo2_eV": -0.19776252117976156,
      "final_minus_after_stage1_energy_per_puo2_eV": -0.1486339928697049,
      "final_minus_after_repair_energy_per_puo2_eV": -0.3463965140494665,
      "final_minus_after_repair_bulk_order_score": 0.05301395482664362,
      "final_minus_after_repair_mean_abs_coordination_error": -0.019047619047619202,
      "final_minus_after_repair_fraction_pu_with_8_o": 0.021428571428571432,
      "final_minus_after_repair_fraction_o_with_4_pu": -0.0035714285714285865
    }
  },
  "seed_radius": 5.0,
  "seed_atom_count": 33,
  "freeze_seed_stage1": false,
  "steps_stage1": 500,
  "steps_stage2": 500,
  "lambda_stage1": 3.0,
  "lambda_stage2": 0.5,
  "temperature_stage1": 3600.0,
  "temperature_stage2": 2600.0,
  "n_candidates_per_step": 64,
  "exact_shortlist_size": 8,
  "pre_relaxation_steps": 500,
  "post_seed_repair_steps": 500,
  "max_exact_delta_e_above": 0.2,
  "n_jobs": 1,
  "wall_time_stage1_s": 154.0540022,
  "wall_time_stage2_s": 159.04866159999983,
  "final_crystalline_core_size": 234,
  "final_growth_front_size": 159
}