{
  "units": {
    "distance": "angstrom",
    "energy": "eV"
  },
  "n_atoms": 420,
  "n_pu": 140,
  "n_o": 280,
  "initial_energy_eV": -6530.1918336942,
  "final_energy_eV": -6536.6954585421,
  "initial_energy_per_atom_eV": -15.54807579451,
  "final_energy_per_atom_eV": -15.563560615576428,
  "n_formula_units": 140,
  "original_energy_per_puo2_eV": -46.64422738353,
  "initial_energy_per_puo2_eV": -46.64422738353,
  "after_repair_energy_per_puo2_eV": -46.690681846729284,
  "final_energy_per_puo2_eV": -46.690681846729284,
  "delta_repair_energy_per_puo2_eV": -0.046454463199285916,
  "delta_kmc_energy_per_puo2_eV": 0.0,
  "delta_total_energy_per_puo2_eV": -0.046454463199285916,
  "delta_energy_per_puo2_eV": -0.046454463199285916,
  "relative_energy_decrease": 0.0009959316683995265,
  "initial_structure": {
    "mean_pu_o_coordination": 5.764285714285714,
    "mean_o_pu_coordination": 2.882142857142857,
    "fraction_pu_with_8_o": 0.04285714285714286,
    "fraction_o_with_4_pu": 0.21071428571428572,
    "fraction_pu_with_7_to_9_o": 0.2714285714285714,
    "fraction_o_with_3_to_5_pu": 0.65,
    "fraction_pu_with_7_to_9_o_neighbors": 0.2714285714285714,
    "fraction_o_with_3_to_5_pu_neighbors": 0.65,
    "mean_abs_pu_o_coordination_error": 2.2928571428571427,
    "mean_abs_o_pu_coordination_error": 1.1535714285714285,
    "fluorite_order_score": 0.5238095238095238,
    "bulk_fluorite_order_score": 0.6426426426426426,
    "soft_coordination_order_score": 0.712202380952381,
    "mean_abs_coordination_error": 1.5333333333333334,
    "bulk_coordination_defects": 269,
    "surface_coordination_defects": 86,
    "bulk_atom_fraction": 0.7928571428571428,
    "rdf_pu_o_peak_sharpness": 2.722570106180234,
    "rdf_pu_pu_peak_sharpness": 3.1123287671232873,
    "rdf_o_o_peak_sharpness": 2.5052192066805845
  },
  "after_repair_structure": {
    "mean_pu_o_coordination": 5.764285714285714,
    "mean_o_pu_coordination": 2.882142857142857,
    "fraction_pu_with_8_o": 0.03571428571428571,
    "fraction_o_with_4_pu": 0.21071428571428572,
    "fraction_pu_with_7_to_9_o": 0.2714285714285714,
    "fraction_o_with_3_to_5_pu": 0.65,
    "fraction_pu_with_7_to_9_o_neighbors": 0.2714285714285714,
    "fraction_o_with_3_to_5_pu_neighbors": 0.65,
    "mean_abs_pu_o_coordination_error": 2.2928571428571427,
    "mean_abs_o_pu_coordination_error": 1.1535714285714285,
    "fluorite_order_score": 0.5238095238095238,
    "bulk_fluorite_order_score": 0.6426426426426426,
    "soft_coordination_order_score": 0.712202380952381,
    "mean_abs_coordination_error": 1.5333333333333334,
    "bulk_coordination_defects": 270,
    "surface_coordination_defects": 86,
    "bulk_atom_fraction": 0.7928571428571428,
    "rdf_pu_o_peak_sharpness": 2.7124183006535945,
    "rdf_pu_pu_peak_sharpness": 3.0246575342465754,
    "rdf_o_o_peak_sharpness": 2.5619604566972987
  },
  "final_structure": {
    "mean_pu_o_coordination": 5.764285714285714,
    "mean_o_pu_coordination": 2.882142857142857,
    "fraction_pu_with_8_o": 0.03571428571428571,
    "fraction_o_with_4_pu": 0.21071428571428572,
    "fraction_pu_with_7_to_9_o": 0.2714285714285714,
    "fraction_o_with_3_to_5_pu": 0.65,
    "fraction_pu_with_7_to_9_o_neighbors": 0.2714285714285714,
    "fraction_o_with_3_to_5_pu_neighbors": 0.65,
    "mean_abs_pu_o_coordination_error": 2.2928571428571427,
    "mean_abs_o_pu_coordination_error": 1.1535714285714285,
    "fluorite_order_score": 0.5238095238095238,
    "bulk_fluorite_order_score": 0.6426426426426426,
    "soft_coordination_order_score": 0.712202380952381,
    "mean_abs_coordination_error": 1.5333333333333334,
    "bulk_coordination_defects": 270,
    "surface_coordination_defects": 86,
    "bulk_atom_fraction": 0.7928571428571428,
    "rdf_pu_o_peak_sharpness": 2.7124183006535945,
    "rdf_pu_pu_peak_sharpness": 3.0246575342465754,
    "rdf_o_o_peak_sharpness": 2.5619604566972987
  },
  "initial_min_pair_distances": {
    "min_distance_pu_o": 1.660799255735021,
    "min_distance_o_o": 1.9225992149766942,
    "min_distance_pu_pu": 3.0886456733262557
  },
  "after_repair_min_pair_distances": {
    "min_distance_pu_o": 1.8587803440953288,
    "min_distance_o_o": 1.9933782481450932,
    "min_distance_pu_pu": 3.0886456733262557
  },
  "final_min_pair_distances": {
    "min_distance_pu_o": 1.8587803440953288,
    "min_distance_o_o": 1.9933782481450932,
    "min_distance_pu_pu": 3.0886456733262557
  },
  "initial_close_contact_thresholds_satisfied": false,
  "after_repair_close_contact_thresholds_satisfied": false,
  "final_close_contact_thresholds_satisfied": false,
  "wall_time_s": 63.35032520000823,
  "steps_per_second": 1.5785238620998745,
  "n_steps": 100,
  "n_candidates_per_step": 64,
  "exact_shortlist_size": 8,
  "uncertainty_shortlist_size": 4,
  "pre_relaxation_steps": 50,
  "max_exact_delta_e_above": null,
  "order_bias_lambda": 0.0,
  "order_metric": "fluorite",
  "order_biased_events": false,
  "anneal_final_temperature": null,
  "anneal_tau": 0.0
}