{
  "units": {
    "distance": "angstrom",
    "energy": "eV"
  },
  "n_atoms": 420,
  "n_pu": 140,
  "n_o": 280,
  "initial_energy_eV": -6530.1918336942,
  "final_energy_eV": -6555.667632293554,
  "initial_energy_per_atom_eV": -15.54807579451,
  "final_energy_per_atom_eV": -15.608732457841795,
  "n_formula_units": 140,
  "original_energy_per_puo2_eV": -46.64422738353,
  "initial_energy_per_puo2_eV": -46.64422738353,
  "after_repair_energy_per_puo2_eV": -46.46294689701688,
  "final_energy_per_puo2_eV": -46.82619737352538,
  "delta_repair_energy_per_puo2_eV": 0.18128048651312514,
  "delta_kmc_energy_per_puo2_eV": -0.36325047650850917,
  "delta_total_energy_per_puo2_eV": -0.18196998999538405,
  "delta_energy_per_puo2_eV": -0.18196998999538405,
  "relative_energy_decrease": 0.003901232804204135,
  "initial_structure": {
    "mean_pu_o_coordination": 5.764285714285714,
    "mean_o_pu_coordination": 2.882142857142857,
    "fraction_pu_with_8_o": 0.04285714285714286,
    "fraction_o_with_4_pu": 0.21071428571428572,
    "fraction_pu_with_7_to_9_o": 0.2714285714285714,
    "fraction_o_with_3_to_5_pu": 0.65,
    "fraction_pu_with_7_to_9_o_neighbors": 0.2714285714285714,
    "fraction_o_with_3_to_5_pu_neighbors": 0.65,
    "mean_abs_pu_o_coordination_error": 2.2928571428571427,
    "mean_abs_o_pu_coordination_error": 1.1535714285714285,
    "fluorite_order_score": 0.5238095238095238,
    "bulk_fluorite_order_score": 0.6426426426426426,
    "soft_coordination_order_score": 0.712202380952381,
    "mean_abs_coordination_error": 1.5333333333333334,
    "bulk_coordination_defects": 269,
    "surface_coordination_defects": 86,
    "bulk_atom_fraction": 0.7928571428571428,
    "rdf_pu_o_peak_sharpness": 2.722570106180234,
    "rdf_pu_pu_peak_sharpness": 3.1123287671232873,
    "rdf_o_o_peak_sharpness": 2.5052192066805845
  },
  "after_repair_structure": {
    "mean_pu_o_coordination": 5.7214285714285715,
    "mean_o_pu_coordination": 2.8607142857142858,
    "fraction_pu_with_8_o": 0.02857142857142857,
    "fraction_o_with_4_pu": 0.22142857142857142,
    "fraction_pu_with_7_to_9_o": 0.2714285714285714,
    "fraction_o_with_3_to_5_pu": 0.6321428571428571,
    "fraction_pu_with_7_to_9_o_neighbors": 0.2714285714285714,
    "fraction_o_with_3_to_5_pu_neighbors": 0.6321428571428571,
    "mean_abs_pu_o_coordination_error": 2.335714285714286,
    "mean_abs_o_pu_coordination_error": 1.1607142857142858,
    "fluorite_order_score": 0.5119047619047619,
    "bulk_fluorite_order_score": 0.6265060240963856,
    "soft_coordination_order_score": 0.7092261904761905,
    "mean_abs_coordination_error": 1.5523809523809524,
    "bulk_coordination_defects": 268,
    "surface_coordination_defects": 86,
    "bulk_atom_fraction": 0.7904761904761904,
    "rdf_pu_o_peak_sharpness": 2.8901263072117342,
    "rdf_pu_pu_peak_sharpness": 3.1038251366120218,
    "rdf_o_o_peak_sharpness": 2.5978351373855118
  },
  "final_structure": {
    "mean_pu_o_coordination": 5.792857142857143,
    "mean_o_pu_coordination": 2.8964285714285714,
    "fraction_pu_with_8_o": 0.04285714285714286,
    "fraction_o_with_4_pu": 0.23214285714285715,
    "fraction_pu_with_7_to_9_o": 0.2714285714285714,
    "fraction_o_with_3_to_5_pu": 0.6571428571428571,
    "fraction_pu_with_7_to_9_o_neighbors": 0.2714285714285714,
    "fraction_o_with_3_to_5_pu_neighbors": 0.6571428571428571,
    "mean_abs_pu_o_coordination_error": 2.2928571428571427,
    "mean_abs_o_pu_coordination_error": 1.125,
    "fluorite_order_score": 0.5285714285714286,
    "bulk_fluorite_order_score": 0.6513761467889908,
    "soft_coordination_order_score": 0.7169642857142857,
    "mean_abs_coordination_error": 1.5142857142857142,
    "bulk_coordination_defects": 258,
    "surface_coordination_defects": 91,
    "bulk_atom_fraction": 0.7785714285714286,
    "rdf_pu_o_peak_sharpness": 2.5468361063801916,
    "rdf_pu_pu_peak_sharpness": 2.936170212765957,
    "rdf_o_o_peak_sharpness": 2.665233745298227
  },
  "initial_min_pair_distances": {
    "min_distance_pu_o": 1.660799255735021,
    "min_distance_o_o": 1.9225992149766942,
    "min_distance_pu_pu": 3.0886456733262557
  },
  "after_repair_min_pair_distances": {
    "min_distance_pu_o": 1.9009918970705793,
    "min_distance_o_o": 2.0025962065964698,
    "min_distance_pu_pu": 2.9089094535072593
  },
  "final_min_pair_distances": {
    "min_distance_pu_o": 1.9075727510648692,
    "min_distance_o_o": 2.012670938603703,
    "min_distance_pu_pu": 2.9771145348717596
  },
  "initial_close_contact_thresholds_satisfied": false,
  "after_repair_close_contact_thresholds_satisfied": true,
  "final_close_contact_thresholds_satisfied": true,
  "workflow": "seeded_crystallization",
  "state_comparison_after_repair_after_stage1_final": {
    "after_repair": {
      "energy_per_puo2_eV": -46.46294689701688,
      "bulk_fluorite_order_score": 0.6265060240963856,
      "mean_abs_coordination_error": 1.5523809523809524,
      "fraction_pu_with_8_o": 0.02857142857142857,
      "fraction_o_with_4_pu": 0.22142857142857142,
      "min_pair_distances": {
        "min_distance_pu_o": 1.9009918970705793,
        "min_distance_o_o": 2.0025962065964698,
        "min_distance_pu_pu": 2.9089094535072593
      },
      "close_contact_thresholds_satisfied": true
    },
    "after_stage1": {
      "energy_per_puo2_eV": -46.677018587150556,
      "bulk_fluorite_order_score": 0.6551724137931034,
      "mean_abs_coordination_error": 1.5285714285714285,
      "fraction_pu_with_8_o": 0.03571428571428571,
      "fraction_o_with_4_pu": 0.21428571428571427,
      "min_pair_distances": {
        "min_distance_pu_o": 1.900786826474832,
        "min_distance_o_o": 2.0110557295525524,
        "min_distance_pu_pu": 2.9771145348717596
      },
      "close_contact_thresholds_satisfied": true
    },
    "final": {
      "energy_per_puo2_eV": -46.82619737352538,
      "bulk_fluorite_order_score": 0.6513761467889908,
      "mean_abs_coordination_error": 1.5142857142857142,
      "fraction_pu_with_8_o": 0.04285714285714286,
      "fraction_o_with_4_pu": 0.23214285714285715,
      "min_pair_distances": {
        "min_distance_pu_o": 1.9075727510648692,
        "min_distance_o_o": 2.012670938603703,
        "min_distance_pu_pu": 2.9771145348717596
      },
      "close_contact_thresholds_satisfied": true
    },
    "deltas": {
      "stage1_minus_after_repair_energy_per_puo2_eV": -0.21407169013367877,
      "final_minus_after_stage1_energy_per_puo2_eV": -0.14917878637482573,
      "final_minus_after_repair_energy_per_puo2_eV": -0.3632504765085045,
      "final_minus_after_repair_bulk_order_score": 0.024870122692605245,
      "final_minus_after_repair_mean_abs_coordination_error": -0.03809523809523818,
      "final_minus_after_repair_fraction_pu_with_8_o": 0.014285714285714287,
      "final_minus_after_repair_fraction_o_with_4_pu": 0.010714285714285732
    }
  },
  "seed_radius": 5.0,
  "seed_atom_count": 33,
  "freeze_seed_stage1": false,
  "steps_stage1": 500,
  "steps_stage2": 500,
  "lambda_stage1": 3.0,
  "lambda_stage2": 0.5,
  "temperature_stage1": 3600.0,
  "temperature_stage2": 2600.0,
  "n_candidates_per_step": 64,
  "exact_shortlist_size": 8,
  "pre_relaxation_steps": 500,
  "post_seed_repair_steps": 500,
  "max_exact_delta_e_above": 0.2,
  "n_jobs": 1,
  "wall_time_stage1_s": 160.15612899999996,
  "wall_time_stage2_s": 160.16099039999995,
  "final_crystalline_core_size": 248,
  "final_growth_front_size": 161
}