{
  "units": {
    "distance": "angstrom",
    "energy": "eV"
  },
  "n_atoms": 420,
  "n_pu": 140,
  "n_o": 280,
  "initial_energy_eV": -6530.1918336942,
  "final_energy_eV": -6624.322699526859,
  "initial_energy_per_atom_eV": -15.54807579451,
  "final_energy_per_atom_eV": -15.772196903635377,
  "n_formula_units": 140,
  "original_energy_per_puo2_eV": -46.64422738353,
  "initial_energy_per_puo2_eV": -46.64422738353,
  "after_repair_energy_per_puo2_eV": -46.71318230223043,
  "final_energy_per_puo2_eV": -47.316590710906134,
  "delta_repair_energy_per_puo2_eV": -0.06895491870042991,
  "delta_kmc_energy_per_puo2_eV": -0.6034084086757048,
  "delta_total_energy_per_puo2_eV": -0.6723633273761347,
  "delta_energy_per_puo2_eV": -0.6723633273761347,
  "relative_energy_decrease": 0.014414716784730046,
  "initial_structure": {
    "mean_pu_o_coordination": 5.764285714285714,
    "mean_o_pu_coordination": 2.882142857142857,
    "fraction_pu_with_8_o": 0.04285714285714286,
    "fraction_o_with_4_pu": 0.21071428571428572,
    "fraction_pu_with_7_to_9_o": 0.2714285714285714,
    "fraction_o_with_3_to_5_pu": 0.65,
    "fraction_pu_with_7_to_9_o_neighbors": 0.2714285714285714,
    "fraction_o_with_3_to_5_pu_neighbors": 0.65,
    "mean_abs_pu_o_coordination_error": 2.2928571428571427,
    "mean_abs_o_pu_coordination_error": 1.1535714285714285,
    "fluorite_order_score": 0.5238095238095238,
    "bulk_fluorite_order_score": 0.6426426426426426,
    "soft_coordination_order_score": 0.712202380952381,
    "mean_abs_coordination_error": 1.5333333333333334,
    "bulk_coordination_defects": 269,
    "surface_coordination_defects": 86,
    "bulk_atom_fraction": 0.7928571428571428,
    "rdf_pu_o_peak_sharpness": 2.722570106180234,
    "rdf_pu_pu_peak_sharpness": 3.1123287671232873,
    "rdf_o_o_peak_sharpness": 2.5052192066805845
  },
  "after_repair_structure": {
    "mean_pu_o_coordination": 5.757142857142857,
    "mean_o_pu_coordination": 2.8785714285714286,
    "fraction_pu_with_8_o": 0.03571428571428571,
    "fraction_o_with_4_pu": 0.20714285714285716,
    "fraction_pu_with_7_to_9_o": 0.2714285714285714,
    "fraction_o_with_3_to_5_pu": 0.65,
    "fraction_pu_with_7_to_9_o_neighbors": 0.2714285714285714,
    "fraction_o_with_3_to_5_pu_neighbors": 0.65,
    "mean_abs_pu_o_coordination_error": 2.3,
    "mean_abs_o_pu_coordination_error": 1.1571428571428573,
    "fluorite_order_score": 0.5238095238095238,
    "bulk_fluorite_order_score": 0.6426426426426426,
    "soft_coordination_order_score": 0.7113095238095238,
    "mean_abs_coordination_error": 1.5380952380952382,
    "bulk_coordination_defects": 271,
    "surface_coordination_defects": 86,
    "bulk_atom_fraction": 0.7928571428571428,
    "rdf_pu_o_peak_sharpness": 2.712787688955468,
    "rdf_pu_pu_peak_sharpness": 3.1174533479692643,
    "rdf_o_o_peak_sharpness": 2.5052192066805845
  },
  "final_structure": {
    "mean_pu_o_coordination": 6.207142857142857,
    "mean_o_pu_coordination": 3.1035714285714286,
    "fraction_pu_with_8_o": 0.06428571428571428,
    "fraction_o_with_4_pu": 0.26071428571428573,
    "fraction_pu_with_7_to_9_o": 0.36428571428571427,
    "fraction_o_with_3_to_5_pu": 0.75,
    "fraction_pu_with_7_to_9_o_neighbors": 0.36428571428571427,
    "fraction_o_with_3_to_5_pu_neighbors": 0.75,
    "mean_abs_pu_o_coordination_error": 1.9071428571428573,
    "mean_abs_o_pu_coordination_error": 0.9964285714285714,
    "fluorite_order_score": 0.6214285714285714,
    "bulk_fluorite_order_score": 0.7913669064748201,
    "soft_coordination_order_score": 0.7544642857142857,
    "mean_abs_coordination_error": 1.3,
    "bulk_coordination_defects": 203,
    "surface_coordination_defects": 135,
    "bulk_atom_fraction": 0.6619047619047619,
    "rdf_pu_o_peak_sharpness": 2.6130889437198914,
    "rdf_pu_pu_peak_sharpness": 2.697495183044316,
    "rdf_o_o_peak_sharpness": 2.7214809472292343
  },
  "initial_min_pair_distances": {
    "min_distance_pu_o": 1.660799255735021,
    "min_distance_o_o": 1.9225992149766942,
    "min_distance_pu_pu": 3.0886456733262557
  },
  "after_repair_min_pair_distances": {
    "min_distance_pu_o": 1.900761173353184,
    "min_distance_o_o": 2.0095508103034687,
    "min_distance_pu_pu": 3.0997795620672774
  },
  "final_min_pair_distances": {
    "min_distance_pu_o": 1.9002869105051428,
    "min_distance_o_o": 2.038587446455679,
    "min_distance_pu_pu": 2.915610183478375
  },
  "initial_close_contact_thresholds_satisfied": false,
  "after_repair_close_contact_thresholds_satisfied": true,
  "final_close_contact_thresholds_satisfied": true,
  "wall_time_s": 3407.425677300009,
  "steps_per_second": 1.4673834365073877,
  "n_steps": 5000,
  "n_candidates_per_step": 64,
  "exact_shortlist_size": 8,
  "uncertainty_shortlist_size": 4,
  "pre_relaxation_steps": 300,
  "max_exact_delta_e_above": null,
  "order_bias_lambda": 0.0,
  "order_metric": "fluorite",
  "order_biased_events": false,
  "anneal_final_temperature": null,
  "anneal_tau": 0.0
}