{
  "units": {
    "distance": "angstrom",
    "energy": "eV"
  },
  "n_atoms": 420,
  "n_pu": 140,
  "n_o": 280,
  "initial_energy_eV": -6530.1918336942,
  "final_energy_eV": -6552.438665768318,
  "initial_energy_per_atom_eV": -15.54807579451,
  "final_energy_per_atom_eV": -15.601044442305518,
  "n_formula_units": 140,
  "original_energy_per_puo2_eV": -46.64422738353,
  "initial_energy_per_puo2_eV": -46.64422738353,
  "after_repair_energy_per_puo2_eV": -46.71737823509215,
  "final_energy_per_puo2_eV": -46.80313332691656,
  "delta_repair_energy_per_puo2_eV": -0.07315085156214991,
  "delta_kmc_energy_per_puo2_eV": -0.08575509182440848,
  "delta_total_energy_per_puo2_eV": -0.1589059433865584,
  "delta_energy_per_puo2_eV": -0.1589059433865584,
  "relative_energy_decrease": 0.0034067654734628067,
  "initial_structure": {
    "mean_pu_o_coordination": 5.764285714285714,
    "mean_o_pu_coordination": 2.882142857142857,
    "fraction_pu_with_8_o": 0.04285714285714286,
    "fraction_o_with_4_pu": 0.21071428571428572,
    "fraction_pu_with_7_to_9_o": 0.2714285714285714,
    "fraction_o_with_3_to_5_pu": 0.65,
    "fraction_pu_with_7_to_9_o_neighbors": 0.2714285714285714,
    "fraction_o_with_3_to_5_pu_neighbors": 0.65,
    "mean_abs_pu_o_coordination_error": 2.2928571428571427,
    "mean_abs_o_pu_coordination_error": 1.1535714285714285,
    "fluorite_order_score": 0.5238095238095238,
    "bulk_fluorite_order_score": 0.6426426426426426,
    "soft_coordination_order_score": 0.712202380952381,
    "mean_abs_coordination_error": 1.5333333333333334,
    "bulk_coordination_defects": 269,
    "surface_coordination_defects": 86,
    "bulk_atom_fraction": 0.7928571428571428,
    "rdf_pu_o_peak_sharpness": 2.722570106180234,
    "rdf_pu_pu_peak_sharpness": 3.1123287671232873,
    "rdf_o_o_peak_sharpness": 2.5052192066805845
  },
  "after_repair_structure": {
    "mean_pu_o_coordination": 5.742857142857143,
    "mean_o_pu_coordination": 2.8714285714285714,
    "fraction_pu_with_8_o": 0.03571428571428571,
    "fraction_o_with_4_pu": 0.2,
    "fraction_pu_with_7_to_9_o": 0.2642857142857143,
    "fraction_o_with_3_to_5_pu": 0.65,
    "fraction_pu_with_7_to_9_o_neighbors": 0.2642857142857143,
    "fraction_o_with_3_to_5_pu_neighbors": 0.65,
    "mean_abs_pu_o_coordination_error": 2.3142857142857145,
    "mean_abs_o_pu_coordination_error": 1.1642857142857144,
    "fluorite_order_score": 0.5214285714285715,
    "bulk_fluorite_order_score": 0.6396396396396397,
    "soft_coordination_order_score": 0.7095238095238096,
    "mean_abs_coordination_error": 1.5476190476190477,
    "bulk_coordination_defects": 273,
    "surface_coordination_defects": 86,
    "bulk_atom_fraction": 0.7928571428571428,
    "rdf_pu_o_peak_sharpness": 2.746594005449591,
    "rdf_pu_pu_peak_sharpness": 3.2948929159802307,
    "rdf_o_o_peak_sharpness": 2.5274878218510786
  },
  "final_structure": {
    "mean_pu_o_coordination": 5.7785714285714285,
    "mean_o_pu_coordination": 2.8892857142857142,
    "fraction_pu_with_8_o": 0.04285714285714286,
    "fraction_o_with_4_pu": 0.20357142857142857,
    "fraction_pu_with_7_to_9_o": 0.2785714285714286,
    "fraction_o_with_3_to_5_pu": 0.65,
    "fraction_pu_with_7_to_9_o_neighbors": 0.2785714285714286,
    "fraction_o_with_3_to_5_pu_neighbors": 0.65,
    "mean_abs_pu_o_coordination_error": 2.2785714285714285,
    "mean_abs_o_pu_coordination_error": 1.1607142857142858,
    "fluorite_order_score": 0.5261904761904762,
    "bulk_fluorite_order_score": 0.640117994100295,
    "soft_coordination_order_score": 0.7116071428571429,
    "mean_abs_coordination_error": 1.5333333333333334,
    "bulk_coordination_defects": 277,
    "surface_coordination_defects": 80,
    "bulk_atom_fraction": 0.8071428571428572,
    "rdf_pu_o_peak_sharpness": 2.639152864512625,
    "rdf_pu_pu_peak_sharpness": 2.9225736095965105,
    "rdf_o_o_peak_sharpness": 2.3923577460888827
  },
  "initial_min_pair_distances": {
    "min_distance_pu_o": 1.660799255735021,
    "min_distance_o_o": 1.9225992149766942,
    "min_distance_pu_pu": 3.0886456733262557
  },
  "after_repair_min_pair_distances": {
    "min_distance_pu_o": 1.900110035944954,
    "min_distance_o_o": 2.022544414943291,
    "min_distance_pu_pu": 3.0841114849988185
  },
  "final_min_pair_distances": {
    "min_distance_pu_o": 1.9004390599539616,
    "min_distance_o_o": 2.022544414943291,
    "min_distance_pu_pu": 3.0841114849988185
  },
  "initial_close_contact_thresholds_satisfied": false,
  "after_repair_close_contact_thresholds_satisfied": true,
  "final_close_contact_thresholds_satisfied": true,
  "wall_time_s": 71.17720499999996,
  "steps_per_second": 1.4049441812164452,
  "n_steps": 100,
  "n_candidates_per_step": 64,
  "exact_shortlist_size": 8,
  "uncertainty_shortlist_size": 4,
  "pre_relaxation_steps": 300,
  "max_exact_delta_e_above": null,
  "order_bias_lambda": 0.0,
  "order_metric": "fluorite",
  "order_biased_events": false,
  "anneal_final_temperature": null,
  "anneal_tau": 0.0
}