{
  "units": {
    "distance": "angstrom",
    "energy": "eV"
  },
  "n_atoms": 420,
  "n_pu": 140,
  "n_o": 280,
  "initial_energy_eV": -6530.1918336942,
  "final_energy_eV": -6556.525750956699,
  "initial_energy_per_atom_eV": -15.54807579451,
  "final_energy_per_atom_eV": -15.61077559751595,
  "n_formula_units": 140,
  "original_energy_per_puo2_eV": -46.64422738353,
  "initial_energy_per_puo2_eV": -46.64422738353,
  "after_repair_energy_per_puo2_eV": -46.71011941249318,
  "final_energy_per_puo2_eV": -46.83232679254785,
  "delta_repair_energy_per_puo2_eV": -0.06589202896318186,
  "delta_kmc_energy_per_puo2_eV": -0.12220738005466955,
  "delta_total_energy_per_puo2_eV": -0.1880994090178514,
  "delta_energy_per_puo2_eV": -0.1880994090178514,
  "relative_energy_decrease": 0.004032640683941718,
  "initial_structure": {
    "mean_pu_o_coordination": 5.764285714285714,
    "mean_o_pu_coordination": 2.882142857142857,
    "fraction_pu_with_8_o": 0.04285714285714286,
    "fraction_o_with_4_pu": 0.21071428571428572,
    "fraction_pu_with_7_to_9_o": 0.2714285714285714,
    "fraction_o_with_3_to_5_pu": 0.65,
    "fraction_pu_with_7_to_9_o_neighbors": 0.2714285714285714,
    "fraction_o_with_3_to_5_pu_neighbors": 0.65,
    "mean_abs_pu_o_coordination_error": 2.2928571428571427,
    "mean_abs_o_pu_coordination_error": 1.1535714285714285,
    "fluorite_order_score": 0.5238095238095238,
    "bulk_fluorite_order_score": 0.6426426426426426,
    "soft_coordination_order_score": 0.712202380952381,
    "mean_abs_coordination_error": 1.5333333333333334,
    "bulk_coordination_defects": 269,
    "surface_coordination_defects": 86,
    "bulk_atom_fraction": 0.7928571428571428,
    "rdf_pu_o_peak_sharpness": 2.722570106180234,
    "rdf_pu_pu_peak_sharpness": 3.1123287671232873,
    "rdf_o_o_peak_sharpness": 2.5052192066805845
  },
  "after_repair_structure": {
    "mean_pu_o_coordination": 5.764285714285714,
    "mean_o_pu_coordination": 2.882142857142857,
    "fraction_pu_with_8_o": 0.04285714285714286,
    "fraction_o_with_4_pu": 0.21071428571428572,
    "fraction_pu_with_7_to_9_o": 0.2714285714285714,
    "fraction_o_with_3_to_5_pu": 0.65,
    "fraction_pu_with_7_to_9_o_neighbors": 0.2714285714285714,
    "fraction_o_with_3_to_5_pu_neighbors": 0.65,
    "mean_abs_pu_o_coordination_error": 2.2928571428571427,
    "mean_abs_o_pu_coordination_error": 1.1535714285714285,
    "fluorite_order_score": 0.5238095238095238,
    "bulk_fluorite_order_score": 0.6426426426426426,
    "soft_coordination_order_score": 0.712202380952381,
    "mean_abs_coordination_error": 1.5333333333333334,
    "bulk_coordination_defects": 269,
    "surface_coordination_defects": 86,
    "bulk_atom_fraction": 0.7928571428571428,
    "rdf_pu_o_peak_sharpness": 2.7999455263516273,
    "rdf_pu_pu_peak_sharpness": 3.1191652937946186,
    "rdf_o_o_peak_sharpness": 2.4829505915100905
  },
  "final_structure": {
    "mean_pu_o_coordination": 5.771428571428571,
    "mean_o_pu_coordination": 2.8857142857142857,
    "fraction_pu_with_8_o": 0.04285714285714286,
    "fraction_o_with_4_pu": 0.19642857142857142,
    "fraction_pu_with_7_to_9_o": 0.2785714285714286,
    "fraction_o_with_3_to_5_pu": 0.6607142857142857,
    "fraction_pu_with_7_to_9_o_neighbors": 0.2785714285714286,
    "fraction_o_with_3_to_5_pu_neighbors": 0.6607142857142857,
    "mean_abs_pu_o_coordination_error": 2.2857142857142856,
    "mean_abs_o_pu_coordination_error": 1.1571428571428573,
    "fluorite_order_score": 0.5333333333333333,
    "bulk_fluorite_order_score": 0.6468842729970327,
    "soft_coordination_order_score": 0.7119047619047619,
    "mean_abs_coordination_error": 1.5333333333333334,
    "bulk_coordination_defects": 278,
    "surface_coordination_defects": 81,
    "bulk_atom_fraction": 0.8023809523809524,
    "rdf_pu_o_peak_sharpness": 2.7036488487949373,
    "rdf_pu_pu_peak_sharpness": 3.0303030303030303,
    "rdf_o_o_peak_sharpness": 2.4409015942825727
  },
  "initial_min_pair_distances": {
    "min_distance_pu_o": 1.660799255735021,
    "min_distance_o_o": 1.9225992149766942,
    "min_distance_pu_pu": 3.0886456733262557
  },
  "after_repair_min_pair_distances": {
    "min_distance_pu_o": 1.9009918970705793,
    "min_distance_o_o": 2.0090862665787728,
    "min_distance_pu_pu": 3.057794273615278
  },
  "final_min_pair_distances": {
    "min_distance_pu_o": 1.9009918970705793,
    "min_distance_o_o": 2.0090862665787728,
    "min_distance_pu_pu": 3.087997681938771
  },
  "wall_time_s": 29.79019789999802,
  "steps_per_second": 10.070426554635944
}