{
  "units": {
    "distance": "angstrom",
    "energy": "eV"
  },
  "n_atoms": 420,
  "n_pu": 140,
  "n_o": 280,
  "initial_energy_eV": -6530.1918336942,
  "final_energy_eV": -6560.405512278626,
  "initial_energy_per_atom_eV": -15.54807579451,
  "final_energy_per_atom_eV": -15.62001312447292,
  "n_formula_units": 140,
  "original_energy_per_puo2_eV": -46.64422738353,
  "initial_energy_per_puo2_eV": -46.64422738353,
  "after_repair_energy_per_puo2_eV": -46.71601763262789,
  "final_energy_per_puo2_eV": -46.86003937341876,
  "delta_repair_energy_per_puo2_eV": -0.07179024909788885,
  "delta_kmc_energy_per_puo2_eV": -0.14402174079086763,
  "delta_total_energy_per_puo2_eV": -0.21581198988875647,
  "delta_energy_per_puo2_eV": -0.21581198988875647,
  "relative_energy_decrease": 0.004626767383544643,
  "initial_structure": {
    "mean_pu_o_coordination": 5.764285714285714,
    "mean_o_pu_coordination": 2.882142857142857,
    "fraction_pu_with_8_o": 0.04285714285714286,
    "fraction_o_with_4_pu": 0.21071428571428572,
    "fraction_pu_with_7_to_9_o": 0.2714285714285714,
    "fraction_o_with_3_to_5_pu": 0.65,
    "fraction_pu_with_7_to_9_o_neighbors": 0.2714285714285714,
    "fraction_o_with_3_to_5_pu_neighbors": 0.65,
    "mean_abs_pu_o_coordination_error": 2.2928571428571427,
    "mean_abs_o_pu_coordination_error": 1.1535714285714285,
    "fluorite_order_score": 0.5238095238095238,
    "bulk_fluorite_order_score": 0.6426426426426426,
    "soft_coordination_order_score": 0.712202380952381,
    "mean_abs_coordination_error": 1.5333333333333334,
    "bulk_coordination_defects": 269,
    "surface_coordination_defects": 86,
    "bulk_atom_fraction": 0.7928571428571428,
    "rdf_pu_o_peak_sharpness": 2.722570106180234,
    "rdf_pu_pu_peak_sharpness": 3.1123287671232873,
    "rdf_o_o_peak_sharpness": 2.5052192066805845
  },
  "after_repair_structure": {
    "mean_pu_o_coordination": 5.757142857142857,
    "mean_o_pu_coordination": 2.8785714285714286,
    "fraction_pu_with_8_o": 0.04285714285714286,
    "fraction_o_with_4_pu": 0.20714285714285716,
    "fraction_pu_with_7_to_9_o": 0.2714285714285714,
    "fraction_o_with_3_to_5_pu": 0.65,
    "fraction_pu_with_7_to_9_o_neighbors": 0.2714285714285714,
    "fraction_o_with_3_to_5_pu_neighbors": 0.65,
    "mean_abs_pu_o_coordination_error": 2.3,
    "mean_abs_o_pu_coordination_error": 1.1571428571428573,
    "fluorite_order_score": 0.5238095238095238,
    "bulk_fluorite_order_score": 0.6445783132530121,
    "soft_coordination_order_score": 0.7113095238095238,
    "mean_abs_coordination_error": 1.5380952380952382,
    "bulk_coordination_defects": 269,
    "surface_coordination_defects": 87,
    "bulk_atom_fraction": 0.7904761904761904,
    "rdf_pu_o_peak_sharpness": 2.7563666076535474,
    "rdf_pu_pu_peak_sharpness": 3.198247535596933,
    "rdf_o_o_peak_sharpness": 2.4839877471456417
  },
  "final_structure": {
    "mean_pu_o_coordination": 6.15,
    "mean_o_pu_coordination": 3.075,
    "fraction_pu_with_8_o": 0.12857142857142856,
    "fraction_o_with_4_pu": 0.2642857142857143,
    "fraction_pu_with_7_to_9_o": 0.36428571428571427,
    "fraction_o_with_3_to_5_pu": 0.7178571428571429,
    "fraction_pu_with_7_to_9_o_neighbors": 0.36428571428571427,
    "fraction_o_with_3_to_5_pu_neighbors": 0.7178571428571429,
    "mean_abs_pu_o_coordination_error": 1.8928571428571428,
    "mean_abs_o_pu_coordination_error": 1.0321428571428573,
    "fluorite_order_score": 0.6,
    "bulk_fluorite_order_score": 0.7428571428571429,
    "soft_coordination_order_score": 0.7491071428571429,
    "mean_abs_coordination_error": 1.319047619047619,
    "bulk_coordination_defects": 198,
    "surface_coordination_defects": 130,
    "bulk_atom_fraction": 0.6666666666666666,
    "rdf_pu_o_peak_sharpness": 2.6818899550589093,
    "rdf_pu_pu_peak_sharpness": 3.032988675529296,
    "rdf_o_o_peak_sharpness": 2.490970232905717
  },
  "initial_min_pair_distances": {
    "min_distance_pu_o": 1.660799255735021,
    "min_distance_o_o": 1.9225992149766942,
    "min_distance_pu_pu": 3.0886456733262557
  },
  "after_repair_min_pair_distances": {
    "min_distance_pu_o": 1.9000797186837648,
    "min_distance_o_o": 2.0164045427797,
    "min_distance_pu_pu": 3.01491451397708
  },
  "final_min_pair_distances": {
    "min_distance_pu_o": 1.9030436674470952,
    "min_distance_o_o": 2.004026072727359,
    "min_distance_pu_pu": 2.877977824416546
  },
  "wall_time_s": 1471.7087877000013,
  "steps_per_second": 2.038446753238747,
  "n_steps": 3000,
  "n_candidates_per_step": 128,
  "exact_shortlist_size": 12,
  "uncertainty_shortlist_size": 6,
  "pre_relaxation_steps": 300
}