{
  "units": {
    "distance": "angstrom",
    "energy": "eV"
  },
  "n_atoms": 420,
  "n_pu": 140,
  "n_o": 280,
  "initial_energy_eV": -6530.1918336942,
  "final_energy_eV": -6543.768759912094,
  "initial_energy_per_atom_eV": -15.54807579451,
  "final_energy_per_atom_eV": -15.580401809314509,
  "n_formula_units": 140,
  "original_energy_per_puo2_eV": -46.64422738353,
  "initial_energy_per_puo2_eV": -46.64422738353,
  "after_repair_energy_per_puo2_eV": -46.71009924251113,
  "final_energy_per_puo2_eV": -46.74120542794353,
  "delta_repair_energy_per_puo2_eV": -0.06587185898112824,
  "delta_kmc_energy_per_puo2_eV": -0.031106185432398497,
  "delta_total_energy_per_puo2_eV": -0.09697804441352673,
  "delta_energy_per_puo2_eV": -0.09697804441352673,
  "relative_energy_decrease": 0.002079100670188601,
  "initial_structure": {
    "mean_pu_o_coordination": 5.764285714285714,
    "mean_o_pu_coordination": 2.882142857142857,
    "fraction_pu_with_8_o": 0.04285714285714286,
    "fraction_o_with_4_pu": 0.21071428571428572,
    "fraction_pu_with_7_to_9_o": 0.2714285714285714,
    "fraction_o_with_3_to_5_pu": 0.65,
    "fraction_pu_with_7_to_9_o_neighbors": 0.2714285714285714,
    "fraction_o_with_3_to_5_pu_neighbors": 0.65,
    "mean_abs_pu_o_coordination_error": 2.2928571428571427,
    "mean_abs_o_pu_coordination_error": 1.1535714285714285,
    "fluorite_order_score": 0.5238095238095238,
    "bulk_fluorite_order_score": 0.6426426426426426,
    "soft_coordination_order_score": 0.712202380952381,
    "mean_abs_coordination_error": 1.5333333333333334,
    "bulk_coordination_defects": 269,
    "surface_coordination_defects": 86,
    "bulk_atom_fraction": 0.7928571428571428,
    "rdf_pu_o_peak_sharpness": 2.722570106180234,
    "rdf_pu_pu_peak_sharpness": 3.1123287671232873,
    "rdf_o_o_peak_sharpness": 2.5052192066805845
  },
  "after_repair_structure": {
    "mean_pu_o_coordination": 5.75,
    "mean_o_pu_coordination": 2.875,
    "fraction_pu_with_8_o": 0.04285714285714286,
    "fraction_o_with_4_pu": 0.20714285714285716,
    "fraction_pu_with_7_to_9_o": 0.2714285714285714,
    "fraction_o_with_3_to_5_pu": 0.6464285714285715,
    "fraction_pu_with_7_to_9_o_neighbors": 0.2714285714285714,
    "fraction_o_with_3_to_5_pu_neighbors": 0.6464285714285715,
    "mean_abs_pu_o_coordination_error": 2.307142857142857,
    "mean_abs_o_pu_coordination_error": 1.1607142857142858,
    "fluorite_order_score": 0.5214285714285715,
    "bulk_fluorite_order_score": 0.6396396396396397,
    "soft_coordination_order_score": 0.7104166666666667,
    "mean_abs_coordination_error": 1.542857142857143,
    "bulk_coordination_defects": 270,
    "surface_coordination_defects": 86,
    "bulk_atom_fraction": 0.7928571428571428,
    "rdf_pu_o_peak_sharpness": 2.7894306728411875,
    "rdf_pu_pu_peak_sharpness": 3.2967032967032965,
    "rdf_o_o_peak_sharpness": 2.5271360979682713
  },
  "final_structure": {
    "mean_pu_o_coordination": 5.764285714285714,
    "mean_o_pu_coordination": 2.882142857142857,
    "fraction_pu_with_8_o": 0.04285714285714286,
    "fraction_o_with_4_pu": 0.20714285714285716,
    "fraction_pu_with_7_to_9_o": 0.2785714285714286,
    "fraction_o_with_3_to_5_pu": 0.6535714285714286,
    "fraction_pu_with_7_to_9_o_neighbors": 0.2785714285714286,
    "fraction_o_with_3_to_5_pu_neighbors": 0.6535714285714286,
    "mean_abs_pu_o_coordination_error": 2.2928571428571427,
    "mean_abs_o_pu_coordination_error": 1.1535714285714285,
    "fluorite_order_score": 0.5285714285714286,
    "bulk_fluorite_order_score": 0.6467065868263473,
    "soft_coordination_order_score": 0.712202380952381,
    "mean_abs_coordination_error": 1.5333333333333334,
    "bulk_coordination_defects": 271,
    "surface_coordination_defects": 85,
    "bulk_atom_fraction": 0.7952380952380952,
    "rdf_pu_o_peak_sharpness": 2.8703452025006793,
    "rdf_pu_pu_peak_sharpness": 3.0634573304157544,
    "rdf_o_o_peak_sharpness": 2.4511299043393873
  },
  "initial_min_pair_distances": {
    "min_distance_pu_o": 1.660799255735021,
    "min_distance_o_o": 1.9225992149766942,
    "min_distance_pu_pu": 3.0886456733262557
  },
  "after_repair_min_pair_distances": {
    "min_distance_pu_o": 1.9009918970705793,
    "min_distance_o_o": 2.001032291195687,
    "min_distance_pu_pu": 3.07150626888323
  },
  "final_min_pair_distances": {
    "min_distance_pu_o": 1.9009918970705793,
    "min_distance_o_o": 2.001032291195687,
    "min_distance_pu_pu": 3.07150626888323
  },
  "initial_close_contact_thresholds_satisfied": false,
  "after_repair_close_contact_thresholds_satisfied": true,
  "final_close_contact_thresholds_satisfied": true,
  "wall_time_s": 30.673185600011493,
  "steps_per_second": 1.6300882683662719,
  "n_steps": 50,
  "n_candidates_per_step": 64,
  "exact_shortlist_size": 8,
  "uncertainty_shortlist_size": 4,
  "pre_relaxation_steps": 100,
  "max_exact_delta_e_above": null,
  "order_bias_lambda": 0.0,
  "order_metric": "fluorite",
  "order_biased_events": false,
  "anneal_final_temperature": null,
  "anneal_tau": 0.0
}