{
  "units": {
    "distance": "angstrom",
    "energy": "eV"
  },
  "n_atoms": 420,
  "n_pu": 140,
  "n_o": 280,
  "initial_energy_eV": -6530.1918336942,
  "final_energy_eV": -6549.76318074575,
  "initial_energy_per_atom_eV": -15.54807579451,
  "final_energy_per_atom_eV": -15.594674239870834,
  "n_formula_units": 140,
  "original_energy_per_puo2_eV": -46.64422738353,
  "initial_energy_per_puo2_eV": -46.64422738353,
  "after_repair_energy_per_puo2_eV": -46.46544177196345,
  "final_energy_per_puo2_eV": -46.7840227196125,
  "delta_repair_energy_per_puo2_eV": 0.17878561156654932,
  "delta_kmc_energy_per_puo2_eV": -0.31858094764905087,
  "delta_total_energy_per_puo2_eV": -0.13979533608250158,
  "delta_energy_per_puo2_eV": -0.13979533608250158,
  "relative_energy_decrease": 0.0029970554541088414,
  "initial_structure": {
    "mean_pu_o_coordination": 5.764285714285714,
    "mean_o_pu_coordination": 2.882142857142857,
    "fraction_pu_with_8_o": 0.04285714285714286,
    "fraction_o_with_4_pu": 0.21071428571428572,
    "fraction_pu_with_7_to_9_o": 0.2714285714285714,
    "fraction_o_with_3_to_5_pu": 0.65,
    "fraction_pu_with_7_to_9_o_neighbors": 0.2714285714285714,
    "fraction_o_with_3_to_5_pu_neighbors": 0.65,
    "mean_abs_pu_o_coordination_error": 2.2928571428571427,
    "mean_abs_o_pu_coordination_error": 1.1535714285714285,
    "fluorite_order_score": 0.5238095238095238,
    "bulk_fluorite_order_score": 0.6426426426426426,
    "soft_coordination_order_score": 0.712202380952381,
    "mean_abs_coordination_error": 1.5333333333333334,
    "bulk_coordination_defects": 269,
    "surface_coordination_defects": 86,
    "bulk_atom_fraction": 0.7928571428571428,
    "rdf_pu_o_peak_sharpness": 2.722570106180234,
    "rdf_pu_pu_peak_sharpness": 3.1123287671232873,
    "rdf_o_o_peak_sharpness": 2.5052192066805845
  },
  "after_repair_structure": {
    "mean_pu_o_coordination": 5.735714285714286,
    "mean_o_pu_coordination": 2.867857142857143,
    "fraction_pu_with_8_o": 0.02857142857142857,
    "fraction_o_with_4_pu": 0.225,
    "fraction_pu_with_7_to_9_o": 0.2642857142857143,
    "fraction_o_with_3_to_5_pu": 0.6357142857142857,
    "fraction_pu_with_7_to_9_o_neighbors": 0.2642857142857143,
    "fraction_o_with_3_to_5_pu_neighbors": 0.6357142857142857,
    "mean_abs_pu_o_coordination_error": 2.3214285714285716,
    "mean_abs_o_pu_coordination_error": 1.1535714285714285,
    "fluorite_order_score": 0.5119047619047619,
    "bulk_fluorite_order_score": 0.6265060240963856,
    "soft_coordination_order_score": 0.7110119047619048,
    "mean_abs_coordination_error": 1.542857142857143,
    "bulk_coordination_defects": 267,
    "surface_coordination_defects": 86,
    "bulk_atom_fraction": 0.7904761904761904,
    "rdf_pu_o_peak_sharpness": 2.910275553142392,
    "rdf_pu_pu_peak_sharpness": 3.1072210065645516,
    "rdf_o_o_peak_sharpness": 2.556620814228151
  },
  "final_structure": {
    "mean_pu_o_coordination": 5.892857142857143,
    "mean_o_pu_coordination": 2.9464285714285716,
    "fraction_pu_with_8_o": 0.05,
    "fraction_o_with_4_pu": 0.21785714285714286,
    "fraction_pu_with_7_to_9_o": 0.3,
    "fraction_o_with_3_to_5_pu": 0.6642857142857143,
    "fraction_pu_with_7_to_9_o_neighbors": 0.3,
    "fraction_o_with_3_to_5_pu_neighbors": 0.6642857142857143,
    "mean_abs_pu_o_coordination_error": 2.1785714285714284,
    "mean_abs_o_pu_coordination_error": 1.1321428571428571,
    "fluorite_order_score": 0.5428571428571428,
    "bulk_fluorite_order_score": 0.6554878048780488,
    "soft_coordination_order_score": 0.7205357142857143,
    "mean_abs_coordination_error": 1.480952380952381,
    "bulk_coordination_defects": 262,
    "surface_coordination_defects": 90,
    "bulk_atom_fraction": 0.780952380952381,
    "rdf_pu_o_peak_sharpness": 2.658294086865515,
    "rdf_pu_pu_peak_sharpness": 2.9504741833508956,
    "rdf_o_o_peak_sharpness": 2.5713523606295015
  },
  "initial_min_pair_distances": {
    "min_distance_pu_o": 1.660799255735021,
    "min_distance_o_o": 1.9225992149766942,
    "min_distance_pu_pu": 3.0886456733262557
  },
  "after_repair_min_pair_distances": {
    "min_distance_pu_o": 1.9009918970705793,
    "min_distance_o_o": 2.007676045773478,
    "min_distance_pu_pu": 2.874240989140616
  },
  "final_min_pair_distances": {
    "min_distance_pu_o": 1.9022595017188484,
    "min_distance_o_o": 2.0237235492774954,
    "min_distance_pu_pu": 2.874240989140616
  },
  "initial_close_contact_thresholds_satisfied": false,
  "after_repair_close_contact_thresholds_satisfied": true,
  "final_close_contact_thresholds_satisfied": true,
  "workflow": "seeded_crystallization",
  "state_comparison_after_repair_after_stage1_final": {
    "after_repair": {
      "energy_per_puo2_eV": -46.46544177196345,
      "bulk_fluorite_order_score": 0.6265060240963856,
      "mean_abs_coordination_error": 1.542857142857143,
      "fraction_pu_with_8_o": 0.02857142857142857,
      "fraction_o_with_4_pu": 0.225,
      "min_pair_distances": {
        "min_distance_pu_o": 1.9009918970705793,
        "min_distance_o_o": 2.007676045773478,
        "min_distance_pu_pu": 2.874240989140616
      },
      "close_contact_thresholds_satisfied": true
    },
    "after_stage1": {
      "energy_per_puo2_eV": -46.66082544234675,
      "bulk_fluorite_order_score": 0.6246246246246246,
      "mean_abs_coordination_error": 1.5285714285714285,
      "fraction_pu_with_8_o": 0.05,
      "fraction_o_with_4_pu": 0.21428571428571427,
      "min_pair_distances": {
        "min_distance_pu_o": 1.900309698972289,
        "min_distance_o_o": 2.0138283930714005,
        "min_distance_pu_pu": 2.874240989140616
      },
      "close_contact_thresholds_satisfied": true
    },
    "final": {
      "energy_per_puo2_eV": -46.7840227196125,
      "bulk_fluorite_order_score": 0.6554878048780488,
      "mean_abs_coordination_error": 1.480952380952381,
      "fraction_pu_with_8_o": 0.05,
      "fraction_o_with_4_pu": 0.21785714285714286,
      "min_pair_distances": {
        "min_distance_pu_o": 1.9022595017188484,
        "min_distance_o_o": 2.0237235492774954,
        "min_distance_pu_pu": 2.874240989140616
      },
      "close_contact_thresholds_satisfied": true
    },
    "deltas": {
      "stage1_minus_after_repair_energy_per_puo2_eV": -0.1953836703833005,
      "final_minus_after_stage1_energy_per_puo2_eV": -0.1231972772657528,
      "final_minus_after_repair_energy_per_puo2_eV": -0.3185809476490533,
      "final_minus_after_repair_bulk_order_score": 0.028981780781663247,
      "final_minus_after_repair_mean_abs_coordination_error": -0.06190476190476191,
      "final_minus_after_repair_fraction_pu_with_8_o": 0.021428571428571432,
      "final_minus_after_repair_fraction_o_with_4_pu": -0.007142857142857145
    }
  },
  "seed_radius": 5.0,
  "seed_atom_count": 33,
  "freeze_seed_stage1": false,
  "steps_stage1": 500,
  "steps_stage2": 500,
  "lambda_stage1": 3.0,
  "lambda_stage2": 0.5,
  "temperature_stage1": 3600.0,
  "temperature_stage2": 2600.0,
  "n_candidates_per_step": 64,
  "exact_shortlist_size": 8,
  "pre_relaxation_steps": 500,
  "post_seed_repair_steps": 500,
  "max_exact_delta_e_above": 0.2,
  "n_jobs": 1,
  "wall_time_stage1_s": 154.98272309999993,
  "wall_time_stage2_s": 159.29344880000008,
  "final_crystalline_core_size": 254,
  "final_growth_front_size": 150
}