{
  "units": {
    "distance": "angstrom",
    "energy": "eV"
  },
  "n_atoms": 420,
  "n_pu": 140,
  "n_o": 280,
  "initial_energy_eV": -6611.04766605082,
  "final_energy_eV": -6662.278904385931,
  "initial_energy_per_atom_eV": -15.74058968107338,
  "final_energy_per_atom_eV": -15.862568819966503,
  "n_formula_units": 140,
  "original_energy_per_puo2_eV": -47.22176904322014,
  "initial_energy_per_puo2_eV": -47.22176904322014,
  "after_repair_energy_per_puo2_eV": -47.22176904322014,
  "final_energy_per_puo2_eV": -47.58770645989951,
  "delta_repair_energy_per_puo2_eV": 0.0,
  "delta_kmc_energy_per_puo2_eV": -0.3659374166793636,
  "delta_total_energy_per_puo2_eV": -0.3659374166793636,
  "delta_energy_per_puo2_eV": -0.3659374166793636,
  "relative_energy_decrease": 0.007749337309757204,
  "initial_structure": {
    "mean_pu_o_coordination": 6.25,
    "mean_o_pu_coordination": 3.125,
    "fraction_pu_with_8_o": 0.1,
    "fraction_o_with_4_pu": 0.29285714285714287,
    "fraction_pu_with_7_to_9_o": 0.36428571428571427,
    "fraction_o_with_3_to_5_pu": 0.7392857142857143,
    "fraction_pu_with_7_to_9_o_neighbors": 0.36428571428571427,
    "fraction_o_with_3_to_5_pu_neighbors": 0.7392857142857143,
    "mean_abs_pu_o_coordination_error": 1.8642857142857143,
    "mean_abs_o_pu_coordination_error": 0.975,
    "fluorite_order_score": 0.6142857142857143,
    "bulk_fluorite_order_score": 0.8163265306122449,
    "soft_coordination_order_score": 0.7598214285714285,
    "mean_abs_coordination_error": 1.2714285714285714,
    "bulk_coordination_defects": 159,
    "surface_coordination_defects": 165,
    "bulk_atom_fraction": 0.5833333333333334,
    "rdf_pu_o_peak_sharpness": 2.6470588235294117,
    "rdf_pu_pu_peak_sharpness": 2.685579196217494,
    "rdf_o_o_peak_sharpness": 2.4103846611885196
  },
  "after_repair_structure": {
    "mean_pu_o_coordination": 6.25,
    "mean_o_pu_coordination": 3.125,
    "fraction_pu_with_8_o": 0.1,
    "fraction_o_with_4_pu": 0.29285714285714287,
    "fraction_pu_with_7_to_9_o": 0.36428571428571427,
    "fraction_o_with_3_to_5_pu": 0.7392857142857143,
    "fraction_pu_with_7_to_9_o_neighbors": 0.36428571428571427,
    "fraction_o_with_3_to_5_pu_neighbors": 0.7392857142857143,
    "mean_abs_pu_o_coordination_error": 1.8642857142857143,
    "mean_abs_o_pu_coordination_error": 0.975,
    "fluorite_order_score": 0.6142857142857143,
    "bulk_fluorite_order_score": 0.8163265306122449,
    "soft_coordination_order_score": 0.7598214285714285,
    "mean_abs_coordination_error": 1.2714285714285714,
    "bulk_coordination_defects": 159,
    "surface_coordination_defects": 165,
    "bulk_atom_fraction": 0.5833333333333334,
    "rdf_pu_o_peak_sharpness": 2.6470588235294117,
    "rdf_pu_pu_peak_sharpness": 2.685579196217494,
    "rdf_o_o_peak_sharpness": 2.4103846611885196
  },
  "final_structure": {
    "mean_pu_o_coordination": 6.507142857142857,
    "mean_o_pu_coordination": 3.2535714285714286,
    "fraction_pu_with_8_o": 0.1357142857142857,
    "fraction_o_with_4_pu": 0.3464285714285714,
    "fraction_pu_with_7_to_9_o": 0.5214285714285715,
    "fraction_o_with_3_to_5_pu": 0.7714285714285715,
    "fraction_pu_with_7_to_9_o_neighbors": 0.5214285714285715,
    "fraction_o_with_3_to_5_pu_neighbors": 0.7714285714285715,
    "mean_abs_pu_o_coordination_error": 1.5928571428571427,
    "mean_abs_o_pu_coordination_error": 0.8821428571428571,
    "fluorite_order_score": 0.6880952380952381,
    "bulk_fluorite_order_score": 0.8787878787878788,
    "soft_coordination_order_score": 0.7866071428571428,
    "mean_abs_coordination_error": 1.119047619047619,
    "bulk_coordination_defects": 135,
    "surface_coordination_defects": 169,
    "bulk_atom_fraction": 0.55,
    "rdf_pu_o_peak_sharpness": 2.634094530005311,
    "rdf_pu_pu_peak_sharpness": 2.990654205607476,
    "rdf_o_o_peak_sharpness": 2.4755120213713266
  },
  "initial_min_pair_distances": {
    "min_distance_pu_o": 1.9002046741146823,
    "min_distance_o_o": 2.0449504984754525,
    "min_distance_pu_pu": 2.894407921887434
  },
  "after_repair_min_pair_distances": {
    "min_distance_pu_o": 1.9002046741146823,
    "min_distance_o_o": 2.0449504984754525,
    "min_distance_pu_pu": 2.894407921887434
  },
  "final_min_pair_distances": {
    "min_distance_pu_o": 1.9026206551805809,
    "min_distance_o_o": 2.059779414809047,
    "min_distance_pu_pu": 3.02413165036004
  },
  "initial_close_contact_thresholds_satisfied": true,
  "after_repair_close_contact_thresholds_satisfied": true,
  "final_close_contact_thresholds_satisfied": true,
  "wall_time_s": 6208.244292200019,
  "steps_per_second": 1.6107613568885986,
  "n_steps": 10000,
  "n_candidates_per_step": 96,
  "exact_shortlist_size": 10,
  "uncertainty_shortlist_size": 5,
  "pre_relaxation_steps": 0,
  "max_exact_delta_e_above": null,
  "order_bias_lambda": 0.0,
  "order_metric": "fluorite",
  "order_biased_events": false,
  "anneal_final_temperature": null,
  "anneal_tau": 0.0,
  "n_jobs": 1
}